[
  {
    "pk": 1,
    "model": "core.datatype",
    "fields": {
      "name": "Area"
    }
  },
  {
    "pk": 2,
    "model": "core.datatype",
    "fields": {
      "name": "True/False"
    }
  },
  {
    "pk": 3,
    "model": "core.datatype",
    "fields": {
      "name": "Date"
    }
  },
  {
    "pk": 4,
    "model": "core.datatype",
    "fields": {
      "name": "Distance"
    }
  },
  {
    "pk": 5,
    "model": "core.datatype",
    "fields": {
      "name": "Duration"
    }
  },
  {
    "pk": 6,
    "model": "core.datatype",
    "fields": {
      "name": "Location"
    }
  },
  {
    "pk": 7,
    "model": "core.datatype",
    "fields": {
      "name": "Number"
    }
  },
  {
    "pk": 8,
    "model": "core.datatype",
    "fields": {
      "name": "Text"
    }
  },
  {
    "pk": 9,
    "model": "core.datatype",
    "fields": {
      "name": "Volume"
    }
  },
  {
    "pk": 10,
    "model": "core.datatype",
    "fields": {
      "name": "Weight"
    }
  },
  {
    "pk": 12,
    "model": "core.datatype",
    "fields": {
      "name": "Yes/No"
    }
  },
  {
    "pk": 13,
    "model": "core.datatype",
    "fields": {
      "name": "Other"
    }
  },
  {
    "pk": 5,
    "model": "core.unit",
    "fields": {
      "long_name": "decimal degrees",
      "data_type": null,
      "short_name": "dd"
    }
  },
  {
    "pk": 12,
    "model": "core.unit",
    "fields": {
      "long_name": "degrees",
      "data_type": null,
      "short_name": "dd"
    }
  },
  {
    "pk": 11,
    "model": "core.unit",
    "fields": {
      "long_name": "degrees decimal minutes",
      "data_type": null,
      "short_name": "dd mm.mm"
    }
  },
  {
    "pk": 9,
    "model": "core.unit",
    "fields": {
      "long_name": "feet",
      "data_type": null,
      "short_name": "feet"
    }
  },
  {
    "pk": 10,
    "model": "core.unit",
    "fields": {
      "long_name": "kilograms",
      "data_type": null,
      "short_name": "kg"
    }
  },
  {
    "pk": 1,
    "model": "core.unit",
    "fields": {
      "long_name": "kilometers",
      "data_type": null,
      "short_name": "km"
    }
  },
  {
    "pk": 4,
    "model": "core.unit",
    "fields": {
      "long_name": "miles",
      "data_type": null,
      "short_name": "mi"
    }
  },
  {
    "pk": 13,
    "model": "core.unit",
    "fields": {
      "long_name": "minutes",
      "data_type": null,
      "short_name": "mm"
    }
  },
  {
    "pk": 14,
    "model": "core.unit",
    "fields": {
      "long_name": "minutes.000",
      "data_type": null,
      "short_name": "mm.000"
    }
  },
  {
    "pk": 6,
    "model": "core.unit",
    "fields": {
      "long_name": "percent",
      "data_type": null,
      "short_name": "perc"
    }
  },
  {
    "pk": 2,
    "model": "core.unit",
    "fields": {
      "long_name": "pounds",
      "data_type": null,
      "short_name": "lbs"
    }
  },
  {
    "pk": 7,
    "model": "core.unit",
    "fields": {
      "long_name": "square feet",
      "data_type": null,
      "short_name": "sq ft"
    }
  },
  {
    "pk": 7,
    "model": "core.organization",
    "fields": {
      "orgname": "Coast Savers",
      "phone": "(206) 220-4279",
      "contact": "David Lindau",
      "address": "davidl@coastsavers.org"
    }
  },
  {
    "pk": 4,
    "model": "core.organization",
    "fields": {
      "orgname": "Heal The Bay",
      "phone": "(310) 451-1500 ext. 163",
      "contact": "Sarah Sikich",
      "address": "ssikich@healthebay.org"
    }
  },
  {
    "pk": 8,
    "model": "core.organization",
    "fields": {
      "orgname": "Northwest Straights",
      "phone": "n/a",
      "contact": "Ginny Broadhurst",
      "address": "broadhurst@nwstraights.org"
    }
  },
  {
    "pk": 6,
    "model": "core.organization",
    "fields": {
      "orgname": "Ocean Conservancy",
      "phone": "(202) 429-5609",
      "contact": "Nick Mallos",
      "address": "nmallos@oceanconservancy.org"
    }
  },
  {
    "pk": 10,
    "model": "core.organization",
    "fields": {
      "orgname": "ODFW",
      "phone": "(541) 867-0300 ext. 265",
      "contact": "Cyreis Schmitt",
      "address": "cyreis.c.schmitt@state.or.us"
    }
  },
  {
    "pk": 3,
    "model": "core.organization",
    "fields": {
      "orgname": "Oregon SOLV",
      "phone": "(800) 333-7658 ext. 317",
      "contact": "Briana Goodwin",
      "address": "briana@solv.org"
    }
  },
  {
    "pk": 5,
    "model": "core.organization",
    "fields": {
      "orgname": "Santa Barbara Channel Keepers",
      "phone": "(805) 563-3377",
      "contact": "Penny Owens",
      "address": "penny@sbck.org"
    }
  },
  {
    "pk": 2,
    "model": "core.organization",
    "fields": {
      "orgname": "Save Our Shores",
      "phone": "(831) 462-5660 ext. 1#",
      "contact": "Lauren Dockendorf",
      "address": "lauren@saveourshores.org"
    }
  },
  {
    "pk": 9,
    "model": "core.organization",
    "fields": {
      "orgname": "SeaDoc Society",
      "phone": "(530) 752-4167",
      "contact": "Kirsten Gilardi",
      "address": "kvgilardi@ucdavis.edu"
    }
  },
  {
    "pk": 11,
    "model": "core.grouping",
    "fields": {
      "name": "Biohazard"
    }
  },
  {
    "pk": 12,
    "model": "core.grouping",
    "fields": {
      "name": "Debris_details"
    }
  },
  {
    "pk": 7,
    "model": "core.grouping",
    "fields": {
      "name": "Event_details"
    }
  },
  {
    "pk": 5,
    "model": "core.grouping",
    "fields": {
      "name": "Event_type"
    }
  },
  {
    "pk": 4,
    "model": "core.grouping",
    "fields": {
      "name": "Glass"
    }
  },
  {
    "pk": 3,
    "model": "core.grouping",
    "fields": {
      "name": "Metal"
    }
  },
  {
    "pk": 8,
    "model": "core.grouping",
    "fields": {
      "name": "Organizations"
    }
  },
  {
    "pk": 9,
    "model": "core.grouping",
    "fields": {
      "name": "Paper"
    }
  },
  {
    "pk": 2,
    "model": "core.grouping",
    "fields": {
      "name": "Plastic"
    }
  },
  {
    "pk": 10,
    "model": "core.grouping",
    "fields": {
      "name": "Styrofoam"
    }
  },
  {
    "pk": 6,
    "model": "core.grouping",
    "fields": {
      "name": "Uncategorized"
    }
  },
  {
    "pk": 221,
    "model": "core.field",
    "fields": {
      "default_value": "0",
      "datatype": 7,
      "required": false,
      "maxvalue": null,
      "unit_id": null,
      "internal_name": "55_gallon_drums",
      "minvalue": 0
    }
  },
  {
    "pk": 28,
    "model": "core.field",
    "fields": {
      "default_value": "",
      "datatype": 8,
      "required": false,
      "maxvalue": null,
      "unit_id": null,
      "internal_name": "Addresses_participants_in_group",
      "minvalue": null
    }
  },
  {
    "pk": 27,
    "model": "core.field",
    "fields": {
      "default_value": "0",
      "datatype": 7,
      "required": false,
      "maxvalue": null,
      "unit_id": null,
      "internal_name": "Ages_participants_in_group",
      "minvalue": 0
    }
  },
  {
    "pk": 198,
    "model": "core.field",
    "fields": {
      "default_value": "0",
      "datatype": 7,
      "required": false,
      "maxvalue": null,
      "unit_id": null,
      "internal_name": "Ammunition",
      "minvalue": 0
    }
  },
  {
    "pk": 240,
    "model": "core.field",
    "fields": {
      "default_value": "0",
      "datatype": 7,
      "required": false,
      "maxvalue": null,
      "unit_id": null,
      "internal_name": "Area_invasive_plants_removed",
      "minvalue": 0
    }
  },
  {
    "pk": 178,
    "model": "core.field",
    "fields": {
      "default_value": "0",
      "datatype": 7,
      "required": false,
      "maxvalue": null,
      "unit_id": null,
      "internal_name": "Bandages",
      "minvalue": 0
    }
  },
  {
    "pk": 189,
    "model": "core.field",
    "fields": {
      "default_value": "0",
      "datatype": 7,
      "required": false,
      "maxvalue": null,
      "unit_id": null,
      "internal_name": "Beach_chairs_umbrellas_toys",
      "minvalue": 0
    }
  },
  {
    "pk": 215,
    "model": "core.field",
    "fields": {
      "default_value": "0",
      "datatype": 7,
      "required": false,
      "maxvalue": null,
      "unit_id": null,
      "internal_name": "Bikes_bike_parts",
      "minvalue": 0
    }
  },
  {
    "pk": 172,
    "model": "core.field",
    "fields": {
      "default_value": "0",
      "datatype": 7,
      "required": false,
      "maxvalue": null,
      "unit_id": null,
      "internal_name": "Biohazard",
      "minvalue": 0
    }
  },
  {
    "pk": 206,
    "model": "core.field",
    "fields": {
      "default_value": "0",
      "datatype": 7,
      "required": false,
      "maxvalue": null,
      "unit_id": null,
      "internal_name": "Bricks",
      "minvalue": 0
    }
  },
  {
    "pk": 219,
    "model": "core.field",
    "fields": {
      "default_value": "0",
      "datatype": 7,
      "required": false,
      "maxvalue": null,
      "unit_id": null,
      "internal_name": "Car_batteries",
      "minvalue": 0
    }
  },
  {
    "pk": 214,
    "model": "core.field",
    "fields": {
      "default_value": "0",
      "datatype": 7,
      "required": false,
      "maxvalue": null,
      "unit_id": null,
      "internal_name": "Cars_car_parts",
      "minvalue": 0
    }
  },
  {
    "pk": 202,
    "model": "core.field",
    "fields": {
      "default_value": "0",
      "datatype": 7,
      "required": false,
      "maxvalue": null,
      "unit_id": null,
      "internal_name": "Ceramic_pieces",
      "minvalue": 0
    }
  },
  {
    "pk": 181,
    "model": "core.field",
    "fields": {
      "default_value": "0",
      "datatype": 7,
      "required": false,
      "maxvalue": null,
      "unit_id": null,
      "internal_name": "Chemical_cleaner_containers",
      "minvalue": 0
    }
  },
  {
    "pk": 183,
    "model": "core.field",
    "fields": {
      "default_value": "0",
      "datatype": 7,
      "required": false,
      "maxvalue": null,
      "unit_id": null,
      "internal_name": "Chemical_containers",
      "minvalue": 0
    }
  },
  {
    "pk": 182,
    "model": "core.field",
    "fields": {
      "default_value": "0",
      "datatype": 7,
      "required": false,
      "maxvalue": null,
      "unit_id": null,
      "internal_name": "Chemical_poison_containers",
      "minvalue": 0
    }
  },
  {
    "pk": 155,
    "model": "core.field",
    "fields": {
      "default_value": "0",
      "datatype": 7,
      "required": false,
      "maxvalue": null,
      "unit_id": null,
      "internal_name": "Cigarette_butts",
      "minvalue": 0
    }
  },
  {
    "pk": 156,
    "model": "core.field",
    "fields": {
      "default_value": "0",
      "datatype": 7,
      "required": false,
      "maxvalue": null,
      "unit_id": null,
      "internal_name": "Cigarette_lighters",
      "minvalue": 0
    }
  },
  {
    "pk": 158,
    "model": "core.field",
    "fields": {
      "default_value": "0",
      "datatype": 7,
      "required": false,
      "maxvalue": null,
      "unit_id": null,
      "internal_name": "Cigarette_packages",
      "minvalue": 0
    }
  },
  {
    "pk": 157,
    "model": "core.field",
    "fields": {
      "default_value": "0",
      "datatype": 7,
      "required": false,
      "maxvalue": null,
      "unit_id": null,
      "internal_name": "Cigar_tips",
      "minvalue": 0
    }
  },
  {
    "pk": 38,
    "model": "core.field",
    "fields": {
      "default_value": "",
      "datatype": 8,
      "required": false,
      "maxvalue": null,
      "unit_id": null,
      "internal_name": "City",
      "minvalue": null
    }
  },
  {
    "pk": 40,
    "model": "core.field",
    "fields": {
      "default_value": "",
      "datatype": 8,
      "required": false,
      "maxvalue": null,
      "unit_id": null,
      "internal_name": "City_county",
      "minvalue": null
    }
  },
  {
    "pk": 29,
    "model": "core.field",
    "fields": {
      "default_value": "",
      "datatype": 8,
      "required": false,
      "maxvalue": null,
      "unit_id": null,
      "internal_name": "City_participants_in_group",
      "minvalue": null
    }
  },
  {
    "pk": 36,
    "model": "core.field",
    "fields": {
      "default_value": "",
      "datatype": 8,
      "required": false,
      "maxvalue": null,
      "unit_id": null,
      "internal_name": "Cleanup_address",
      "minvalue": null
    }
  },
  {
    "pk": 63,
    "model": "core.field",
    "fields": {
      "default_value": "0",
      "datatype": 1,
      "required": false,
      "maxvalue": null,
      "unit_id": null,
      "internal_name": "Cleanup_area",
      "minvalue": 0
    }
  },
  {
    "pk": 11,
    "model": "core.field",
    "fields": {
      "default_value": "",
      "datatype": 3,
      "required": false,
      "maxvalue": null,
      "unit_id": null,
      "internal_name": "Cleanup_date_end",
      "minvalue": null
    }
  },
  {
    "pk": 10,
    "model": "core.field",
    "fields": {
      "default_value": "",
      "datatype": 3,
      "required": false,
      "maxvalue": null,
      "unit_id": null,
      "internal_name": "Cleanup_date_start",
      "minvalue": null
    }
  },
  {
    "pk": 334,
    "model": "core.field",
    "fields": {
      "default_value": "",
      "datatype": 4,
      "required": false,
      "maxvalue": null,
      "unit_id": null,
      "internal_name": "Cleanup_day",
      "minvalue": null
    }
  },
  {
    "pk": 64,
    "model": "core.field",
    "fields": {
      "default_value": "0",
      "datatype": 4,
      "required": false,
      "maxvalue": null,
      "unit_id": null,
      "internal_name": "Cleanup_distance_beach",
      "minvalue": 0
    }
  },
  {
    "pk": 337,
    "model": "core.field",
    "fields": {
      "default_value": "0",
      "datatype": 7,
      "required": false,
      "maxvalue": null,
      "unit_id": 1,
      "internal_name": "Cleanup_distance_kilometers",
      "minvalue": 0
    }
  },
  {
    "pk": 67,
    "model": "core.field",
    "fields": {
      "default_value": "0",
      "datatype": 4,
      "required": false,
      "maxvalue": null,
      "unit_id": 4,
      "internal_name": "Cleanup_distance_miles",
      "minvalue": 0
    }
  },
  {
    "pk": 65,
    "model": "core.field",
    "fields": {
      "default_value": "0",
      "datatype": 4,
      "required": false,
      "maxvalue": null,
      "unit_id": null,
      "internal_name": "Cleanup_distance_underwater",
      "minvalue": 0
    }
  },
  {
    "pk": 66,
    "model": "core.field",
    "fields": {
      "default_value": "0",
      "datatype": 4,
      "required": false,
      "maxvalue": null,
      "unit_id": null,
      "internal_name": "Cleanup_distance_watercraft",
      "minvalue": 0
    }
  },
  {
    "pk": 23,
    "model": "core.field",
    "fields": {
      "default_value": "",
      "datatype": 8,
      "required": false,
      "maxvalue": null,
      "unit_id": null,
      "internal_name": "Cleanup_group_name",
      "minvalue": null
    }
  },
  {
    "pk": 335,
    "model": "core.field",
    "fields": {
      "default_value": "",
      "datatype": 3,
      "required": false,
      "maxvalue": null,
      "unit_id": null,
      "internal_name": "Cleanup_Month",
      "minvalue": null
    }
  },
  {
    "pk": 8,
    "model": "core.field",
    "fields": {
      "default_value": "",
      "datatype": 8,
      "required": false,
      "maxvalue": null,
      "unit_id": null,
      "internal_name": "Cleanup_site_name",
      "minvalue": null
    }
  },
  {
    "pk": 25,
    "model": "core.field",
    "fields": {
      "default_value": "",
      "datatype": 8,
      "required": false,
      "maxvalue": null,
      "unit_id": null,
      "internal_name": "Cleanup_team_name",
      "minvalue": null
    }
  },
  {
    "pk": 15,
    "model": "core.field",
    "fields": {
      "default_value": "",
      "datatype": 8,
      "required": false,
      "maxvalue": null,
      "unit_id": null,
      "internal_name": "Cleanup_time",
      "minvalue": null
    }
  },
  {
    "pk": 57,
    "model": "core.field",
    "fields": {
      "default_value": "",
      "datatype": 8,
      "required": false,
      "maxvalue": null,
      "unit_id": null,
      "internal_name": "Cleanup_type_beach",
      "minvalue": null
    }
  },
  {
    "pk": 58,
    "model": "core.field",
    "fields": {
      "default_value": "",
      "datatype": 8,
      "required": false,
      "maxvalue": null,
      "unit_id": null,
      "internal_name": "Cleanup_type_underwater",
      "minvalue": null
    }
  },
  {
    "pk": 336,
    "model": "core.field",
    "fields": {
      "default_value": "",
      "datatype": 3,
      "required": false,
      "maxvalue": null,
      "unit_id": null,
      "internal_name": "Cleanup_Year",
      "minvalue": null
    }
  },
  {
    "pk": 37,
    "model": "core.field",
    "fields": {
      "default_value": "",
      "datatype": 8,
      "required": false,
      "maxvalue": null,
      "unit_id": null,
      "internal_name": "Closest_city",
      "minvalue": null
    }
  },
  {
    "pk": 194,
    "model": "core.field",
    "fields": {
      "default_value": "0",
      "datatype": 7,
      "required": false,
      "maxvalue": null,
      "unit_id": null,
      "internal_name": "Clothing_towels_shoes",
      "minvalue": 0
    }
  },
  {
    "pk": 246,
    "model": "core.field",
    "fields": {
      "default_value": "",
      "datatype": 8,
      "required": false,
      "maxvalue": null,
      "unit_id": null,
      "internal_name": "Comments",
      "minvalue": null
    }
  },
  {
    "pk": 197,
    "model": "core.field",
    "fields": {
      "default_value": "0",
      "datatype": 7,
      "required": false,
      "maxvalue": null,
      "unit_id": null,
      "internal_name": "Computers",
      "minvalue": 0
    }
  },
  {
    "pk": 204,
    "model": "core.field",
    "fields": {
      "default_value": "0",
      "datatype": 7,
      "required": false,
      "maxvalue": null,
      "unit_id": null,
      "internal_name": "Concrete_debris",
      "minvalue": 0
    }
  },
  {
    "pk": 176,
    "model": "core.field",
    "fields": {
      "default_value": "0",
      "datatype": 7,
      "required": false,
      "maxvalue": null,
      "unit_id": null,
      "internal_name": "Condoms",
      "minvalue": 0
    }
  },
  {
    "pk": 203,
    "model": "core.field",
    "fields": {
      "default_value": "0",
      "datatype": 7,
      "required": false,
      "maxvalue": null,
      "unit_id": null,
      "internal_name": "Construction_debris",
      "minvalue": 0
    }
  },
  {
    "pk": 19,
    "model": "core.field",
    "fields": {
      "default_value": "",
      "datatype": 8,
      "required": false,
      "maxvalue": null,
      "unit_id": null,
      "internal_name": "Coordinator_email",
      "minvalue": null
    }
  },
  {
    "pk": 16,
    "model": "core.field",
    "fields": {
      "default_value": "",
      "datatype": 8,
      "required": false,
      "maxvalue": null,
      "unit_id": null,
      "internal_name": "Coordinator_name",
      "minvalue": null
    }
  },
  {
    "pk": 17,
    "model": "core.field",
    "fields": {
      "default_value": "",
      "datatype": 8,
      "required": false,
      "maxvalue": null,
      "unit_id": null,
      "internal_name": "Coordinator_phone",
      "minvalue": null
    }
  },
  {
    "pk": 18,
    "model": "core.field",
    "fields": {
      "default_value": "",
      "datatype": 8,
      "required": false,
      "maxvalue": null,
      "unit_id": null,
      "internal_name": "Coordinator_phone_type",
      "minvalue": null
    }
  },
  {
    "pk": 42,
    "model": "core.field",
    "fields": {
      "default_value": "",
      "datatype": 8,
      "required": false,
      "maxvalue": null,
      "unit_id": null,
      "internal_name": "Country",
      "minvalue": null
    }
  },
  {
    "pk": 39,
    "model": "core.field",
    "fields": {
      "default_value": "",
      "datatype": 8,
      "required": false,
      "maxvalue": null,
      "unit_id": null,
      "internal_name": "County",
      "minvalue": null
    }
  },
  {
    "pk": 210,
    "model": "core.field",
    "fields": {
      "default_value": "0",
      "datatype": 7,
      "required": false,
      "maxvalue": null,
      "unit_id": null,
      "internal_name": "Crab_pots_traps",
      "minvalue": 0
    }
  },
  {
    "pk": 233,
    "model": "core.field",
    "fields": {
      "default_value": "0",
      "datatype": 7,
      "required": false,
      "maxvalue": null,
      "unit_id": null,
      "internal_name": "Cuttings_performed",
      "minvalue": 0
    }
  },
  {
    "pk": 20,
    "model": "core.field",
    "fields": {
      "default_value": "",
      "datatype": 8,
      "required": false,
      "maxvalue": null,
      "unit_id": null,
      "internal_name": "Data_entered_by_name",
      "minvalue": null
    }
  },
  {
    "pk": 21,
    "model": "core.field",
    "fields": {
      "default_value": "",
      "datatype": 3,
      "required": false,
      "maxvalue": null,
      "unit_id": null,
      "internal_name": "Data_entered_date",
      "minvalue": null
    }
  },
  {
    "pk": 105,
    "model": "core.field",
    "fields": {
      "default_value": "0",
      "datatype": 7,
      "required": false,
      "maxvalue": null,
      "unit_id": null,
      "internal_name": "Dead_animals",
      "minvalue": 0
    }
  },
  {
    "pk": 85,
    "model": "core.field",
    "fields": {
      "default_value": "",
      "datatype": 8,
      "required": false,
      "maxvalue": null,
      "unit_id": null,
      "internal_name": "Description_accomplishments_highliights",
      "minvalue": null
    }
  },
  {
    "pk": 293,
    "model": "core.field",
    "fields": {
      "default_value": "",
      "datatype": 8,
      "required": false,
      "maxvalue": null,
      "unit_id": null,
      "internal_name": "DG_Debris_Age",
      "minvalue": null
    }
  },
  {
    "pk": 284,
    "model": "core.field",
    "fields": {
      "default_value": "0",
      "datatype": 7,
      "required": false,
      "maxvalue": null,
      "unit_id": 7,
      "internal_name": "DG_Debris_Area",
      "minvalue": 0
    }
  },
  {
    "pk": 291,
    "model": "core.field",
    "fields": {
      "default_value": "",
      "datatype": 8,
      "required": false,
      "maxvalue": null,
      "unit_id": null,
      "internal_name": "DG_Debris_Commercial_Recreational",
      "minvalue": null
    }
  },
  {
    "pk": 295,
    "model": "core.field",
    "fields": {
      "default_value": "",
      "datatype": 8,
      "required": false,
      "maxvalue": null,
      "unit_id": null,
      "internal_name": "DG_Debris_Condition",
      "minvalue": null
    }
  },
  {
    "pk": 298,
    "model": "core.field",
    "fields": {
      "default_value": "",
      "datatype": 8,
      "required": false,
      "maxvalue": null,
      "unit_id": null,
      "internal_name": "DG_Debris_Date_Found",
      "minvalue": null
    }
  },
  {
    "pk": 285,
    "model": "core.field",
    "fields": {
      "default_value": "0",
      "datatype": 7,
      "required": false,
      "maxvalue": null,
      "unit_id": 9,
      "internal_name": "DG_Debris_Depth",
      "minvalue": 0
    }
  },
  {
    "pk": 297,
    "model": "core.field",
    "fields": {
      "default_value": "",
      "datatype": 8,
      "required": false,
      "maxvalue": null,
      "unit_id": null,
      "internal_name": "DG_Debris_Description",
      "minvalue": null
    }
  },
  {
    "pk": 265,
    "model": "core.field",
    "fields": {
      "default_value": "",
      "datatype": 8,
      "required": false,
      "maxvalue": null,
      "unit_id": null,
      "internal_name": "DG_Debris_Distance_Shore",
      "minvalue": null
    }
  },
  {
    "pk": 300,
    "model": "core.field",
    "fields": {
      "default_value": "",
      "datatype": 8,
      "required": false,
      "maxvalue": null,
      "unit_id": null,
      "internal_name": "DG_Debris_Estimated_Depth",
      "minvalue": null
    }
  },
  {
    "pk": 329,
    "model": "core.field",
    "fields": {
      "default_value": "",
      "datatype": 8,
      "required": false,
      "maxvalue": null,
      "unit_id": null,
      "internal_name": "DG_Debris_Fishable",
      "minvalue": null
    }
  },
  {
    "pk": 299,
    "model": "core.field",
    "fields": {
      "default_value": "",
      "datatype": 8,
      "required": false,
      "maxvalue": null,
      "unit_id": null,
      "internal_name": "DG_Debris_How_Found",
      "minvalue": null
    }
  },
  {
    "pk": 304,
    "model": "core.field",
    "fields": {
      "default_value": "",
      "datatype": 8,
      "required": false,
      "maxvalue": null,
      "unit_id": null,
      "internal_name": "DG_Debris_Investigated_Description",
      "minvalue": null
    }
  },
  {
    "pk": 269,
    "model": "core.field",
    "fields": {
      "default_value": "",
      "datatype": 6,
      "required": false,
      "maxvalue": null,
      "unit_id": null,
      "internal_name": "DG_Debris_Lat_DecDeg",
      "minvalue": null
    }
  },
  {
    "pk": 267,
    "model": "core.field",
    "fields": {
      "default_value": "",
      "datatype": 6,
      "required": false,
      "maxvalue": null,
      "unit_id": null,
      "internal_name": "DG_Debris_Lat_DegDecMin",
      "minvalue": null
    }
  },
  {
    "pk": 272,
    "model": "core.field",
    "fields": {
      "default_value": "",
      "datatype": 6,
      "required": false,
      "maxvalue": null,
      "unit_id": null,
      "internal_name": "DG_Debris_Latitude_Degree",
      "minvalue": null
    }
  },
  {
    "pk": 273,
    "model": "core.field",
    "fields": {
      "default_value": "",
      "datatype": 6,
      "required": false,
      "maxvalue": null,
      "unit_id": null,
      "internal_name": "DG_Debris_Latitude_Minute",
      "minvalue": null
    }
  },
  {
    "pk": 274,
    "model": "core.field",
    "fields": {
      "default_value": "",
      "datatype": 6,
      "required": false,
      "maxvalue": null,
      "unit_id": null,
      "internal_name": "DG_Debris_Latitude_Minute.000",
      "minvalue": null
    }
  },
  {
    "pk": 282,
    "model": "core.field",
    "fields": {
      "default_value": "0",
      "datatype": 7,
      "required": false,
      "maxvalue": null,
      "unit_id": 9,
      "internal_name": "DG_Debris_Length",
      "minvalue": 0
    }
  },
  {
    "pk": 280,
    "model": "core.field",
    "fields": {
      "default_value": "",
      "datatype": 8,
      "required": false,
      "maxvalue": null,
      "unit_id": null,
      "internal_name": "DG_Debris_Length_Text",
      "minvalue": null
    }
  },
  {
    "pk": 296,
    "model": "core.field",
    "fields": {
      "default_value": "",
      "datatype": 8,
      "required": false,
      "maxvalue": null,
      "unit_id": null,
      "internal_name": "DG_Debris_Lethality",
      "minvalue": null
    }
  },
  {
    "pk": 263,
    "model": "core.field",
    "fields": {
      "default_value": "",
      "datatype": 8,
      "required": false,
      "maxvalue": null,
      "unit_id": null,
      "internal_name": "DG_Debris_Location",
      "minvalue": null
    }
  },
  {
    "pk": 270,
    "model": "core.field",
    "fields": {
      "default_value": "",
      "datatype": 6,
      "required": false,
      "maxvalue": null,
      "unit_id": null,
      "internal_name": "DG_Debris_Long_DecDeg",
      "minvalue": null
    }
  },
  {
    "pk": 268,
    "model": "core.field",
    "fields": {
      "default_value": "",
      "datatype": 6,
      "required": false,
      "maxvalue": null,
      "unit_id": null,
      "internal_name": "DG_Debris_Long_DegDecMin",
      "minvalue": null
    }
  },
  {
    "pk": 276,
    "model": "core.field",
    "fields": {
      "default_value": "",
      "datatype": 6,
      "required": false,
      "maxvalue": null,
      "unit_id": null,
      "internal_name": "DG_Debris_Longitude_ Degree",
      "minvalue": null
    }
  },
  {
    "pk": 277,
    "model": "core.field",
    "fields": {
      "default_value": "",
      "datatype": 6,
      "required": false,
      "maxvalue": null,
      "unit_id": null,
      "internal_name": "DG_Debris_Longitude_ Minute",
      "minvalue": null
    }
  },
  {
    "pk": 278,
    "model": "core.field",
    "fields": {
      "default_value": "",
      "datatype": 6,
      "required": false,
      "maxvalue": null,
      "unit_id": null,
      "internal_name": "DG_Debris_Longitude_Minute.000",
      "minvalue": null
    }
  },
  {
    "pk": 287,
    "model": "core.field",
    "fields": {
      "default_value": "0",
      "datatype": 7,
      "required": false,
      "maxvalue": null,
      "unit_id": 9,
      "internal_name": "DG_Debris_Max_Depth",
      "minvalue": 0
    }
  },
  {
    "pk": 286,
    "model": "core.field",
    "fields": {
      "default_value": "0",
      "datatype": 7,
      "required": false,
      "maxvalue": null,
      "unit_id": 9,
      "internal_name": "DG_Debris_Min_Depth",
      "minvalue": 0
    }
  },
  {
    "pk": 262,
    "model": "core.field",
    "fields": {
      "default_value": "",
      "datatype": 8,
      "required": false,
      "maxvalue": null,
      "unit_id": null,
      "internal_name": "DG_Debris_Offload_Location",
      "minvalue": null
    }
  },
  {
    "pk": 292,
    "model": "core.field",
    "fields": {
      "default_value": "",
      "datatype": 8,
      "required": false,
      "maxvalue": null,
      "unit_id": null,
      "internal_name": "DG_Debris_Owner",
      "minvalue": null
    }
  },
  {
    "pk": 305,
    "model": "core.field",
    "fields": {
      "default_value": "",
      "datatype": 8,
      "required": false,
      "maxvalue": null,
      "unit_id": null,
      "internal_name": "DG_Debris_Photo_Names",
      "minvalue": null
    }
  },
  {
    "pk": 328,
    "model": "core.field",
    "fields": {
      "default_value": "",
      "datatype": 8,
      "required": false,
      "maxvalue": null,
      "unit_id": null,
      "internal_name": "DG_Debris_Pot_Condition",
      "minvalue": null
    }
  },
  {
    "pk": 255,
    "model": "core.field",
    "fields": {
      "default_value": "",
      "datatype": 8,
      "required": false,
      "maxvalue": null,
      "unit_id": null,
      "internal_name": "DG_Debris_Removed",
      "minvalue": null
    }
  },
  {
    "pk": 256,
    "model": "core.field",
    "fields": {
      "default_value": "",
      "datatype": 3,
      "required": false,
      "maxvalue": null,
      "unit_id": null,
      "internal_name": "DG_Debris_Removed_Date",
      "minvalue": null
    }
  },
  {
    "pk": 257,
    "model": "core.field",
    "fields": {
      "default_value": "",
      "datatype": 8,
      "required": false,
      "maxvalue": null,
      "unit_id": null,
      "internal_name": "DG_Debris_Removed_Technique",
      "minvalue": null
    }
  },
  {
    "pk": 258,
    "model": "core.field",
    "fields": {
      "default_value": "",
      "datatype": 3,
      "required": false,
      "maxvalue": null,
      "unit_id": null,
      "internal_name": "DG_Debris_Reported_Date",
      "minvalue": null
    }
  },
  {
    "pk": 302,
    "model": "core.field",
    "fields": {
      "default_value": "",
      "datatype": 8,
      "required": false,
      "maxvalue": null,
      "unit_id": null,
      "internal_name": "DG_Debris_Reported_Exposure",
      "minvalue": null
    }
  },
  {
    "pk": 303,
    "model": "core.field",
    "fields": {
      "default_value": "",
      "datatype": 8,
      "required": false,
      "maxvalue": null,
      "unit_id": null,
      "internal_name": "DG_Debris_Reported_Lethality",
      "minvalue": null
    }
  },
  {
    "pk": 301,
    "model": "core.field",
    "fields": {
      "default_value": "",
      "datatype": 8,
      "required": false,
      "maxvalue": null,
      "unit_id": null,
      "internal_name": "DG_Debris_Reported_Location",
      "minvalue": null
    }
  },
  {
    "pk": 259,
    "model": "core.field",
    "fields": {
      "default_value": "",
      "datatype": 8,
      "required": false,
      "maxvalue": null,
      "unit_id": null,
      "internal_name": "DG_Debris_Reported_Name",
      "minvalue": null
    }
  },
  {
    "pk": 260,
    "model": "core.field",
    "fields": {
      "default_value": "",
      "datatype": 8,
      "required": false,
      "maxvalue": null,
      "unit_id": null,
      "internal_name": "DG_Debris_Reported_Phone",
      "minvalue": null
    }
  },
  {
    "pk": 264,
    "model": "core.field",
    "fields": {
      "default_value": "",
      "datatype": 8,
      "required": false,
      "maxvalue": null,
      "unit_id": null,
      "internal_name": "DG_Debris_Sub_Location",
      "minvalue": null
    }
  },
  {
    "pk": 288,
    "model": "core.field",
    "fields": {
      "default_value": "0",
      "datatype": 7,
      "required": false,
      "maxvalue": null,
      "unit_id": 9,
      "internal_name": "DG_Debris_Suspended_Height",
      "minvalue": 0
    }
  },
  {
    "pk": 253,
    "model": "core.field",
    "fields": {
      "default_value": "",
      "datatype": 8,
      "required": false,
      "maxvalue": null,
      "unit_id": null,
      "internal_name": "DG_Debris_Type",
      "minvalue": null
    }
  },
  {
    "pk": 283,
    "model": "core.field",
    "fields": {
      "default_value": "0",
      "datatype": 7,
      "required": false,
      "maxvalue": null,
      "unit_id": 9,
      "internal_name": "DG_Debris_Width",
      "minvalue": 0
    }
  },
  {
    "pk": 281,
    "model": "core.field",
    "fields": {
      "default_value": "",
      "datatype": 8,
      "required": false,
      "maxvalue": null,
      "unit_id": null,
      "internal_name": "DG_Debris_Width_Text",
      "minvalue": null
    }
  },
  {
    "pk": 331,
    "model": "core.field",
    "fields": {
      "default_value": "",
      "datatype": 8,
      "required": false,
      "maxvalue": null,
      "unit_id": null,
      "internal_name": "DG_Escape_Cord_Intact",
      "minvalue": null
    }
  },
  {
    "pk": 330,
    "model": "core.field",
    "fields": {
      "default_value": "",
      "datatype": 8,
      "required": false,
      "maxvalue": null,
      "unit_id": null,
      "internal_name": "DG_Escape_Cord_Used",
      "minvalue": null
    }
  },
  {
    "pk": 306,
    "model": "core.field",
    "fields": {
      "default_value": "",
      "datatype": 8,
      "required": false,
      "maxvalue": null,
      "unit_id": null,
      "internal_name": "DG_Fish_In_Debris",
      "minvalue": null
    }
  },
  {
    "pk": 252,
    "model": "core.field",
    "fields": {
      "default_value": "0",
      "datatype": 7,
      "required": false,
      "maxvalue": null,
      "unit_id": null,
      "internal_name": "DG_Gear_Code",
      "minvalue": 0
    }
  },
  {
    "pk": 289,
    "model": "core.field",
    "fields": {
      "default_value": "",
      "datatype": 8,
      "required": false,
      "maxvalue": null,
      "unit_id": null,
      "internal_name": "DG_Habitat_Type",
      "minvalue": null
    }
  },
  {
    "pk": 326,
    "model": "core.field",
    "fields": {
      "default_value": "",
      "datatype": 8,
      "required": false,
      "maxvalue": null,
      "unit_id": null,
      "internal_name": "DG_How_Trapped",
      "minvalue": null
    }
  },
  {
    "pk": 279,
    "model": "core.field",
    "fields": {
      "default_value": "",
      "datatype": 8,
      "required": false,
      "maxvalue": null,
      "unit_id": null,
      "internal_name": "DG_Lat_Long_Reliablility",
      "minvalue": null
    }
  },
  {
    "pk": 332,
    "model": "core.field",
    "fields": {
      "default_value": "",
      "datatype": 8,
      "required": false,
      "maxvalue": null,
      "unit_id": null,
      "internal_name": "DG_Notes",
      "minvalue": null
    }
  },
  {
    "pk": 320,
    "model": "core.field",
    "fields": {
      "default_value": "0",
      "datatype": 7,
      "required": false,
      "maxvalue": null,
      "unit_id": null,
      "internal_name": "DG_Number_Anemones",
      "minvalue": 0
    }
  },
  {
    "pk": 324,
    "model": "core.field",
    "fields": {
      "default_value": "",
      "datatype": 8,
      "required": false,
      "maxvalue": null,
      "unit_id": null,
      "internal_name": "DG_Number_Birds",
      "minvalue": null
    }
  },
  {
    "pk": 308,
    "model": "core.field",
    "fields": {
      "default_value": "",
      "datatype": 8,
      "required": false,
      "maxvalue": null,
      "unit_id": null,
      "internal_name": "DG_Number_Crabs",
      "minvalue": null
    }
  },
  {
    "pk": 312,
    "model": "core.field",
    "fields": {
      "default_value": "0",
      "datatype": 7,
      "required": false,
      "maxvalue": null,
      "unit_id": null,
      "internal_name": "DG_Number_Dead_Crabs",
      "minvalue": 0
    }
  },
  {
    "pk": 311,
    "model": "core.field",
    "fields": {
      "default_value": "0",
      "datatype": 7,
      "required": false,
      "maxvalue": null,
      "unit_id": null,
      "internal_name": "DG_Number_Female_Crabs",
      "minvalue": 0
    }
  },
  {
    "pk": 314,
    "model": "core.field",
    "fields": {
      "default_value": "",
      "datatype": 8,
      "required": false,
      "maxvalue": null,
      "unit_id": null,
      "internal_name": "DG_Number_Finfish",
      "minvalue": null
    }
  },
  {
    "pk": 309,
    "model": "core.field",
    "fields": {
      "default_value": "0",
      "datatype": 7,
      "required": false,
      "maxvalue": null,
      "unit_id": null,
      "internal_name": "DG_Number_Legal_Crabs",
      "minvalue": 0
    }
  },
  {
    "pk": 315,
    "model": "core.field",
    "fields": {
      "default_value": "",
      "datatype": 8,
      "required": false,
      "maxvalue": null,
      "unit_id": null,
      "internal_name": "DG_Number_Lingcod",
      "minvalue": null
    }
  },
  {
    "pk": 325,
    "model": "core.field",
    "fields": {
      "default_value": "",
      "datatype": 8,
      "required": false,
      "maxvalue": null,
      "unit_id": null,
      "internal_name": "DG_Number_Mammals",
      "minvalue": null
    }
  },
  {
    "pk": 322,
    "model": "core.field",
    "fields": {
      "default_value": "0",
      "datatype": 7,
      "required": false,
      "maxvalue": null,
      "unit_id": null,
      "internal_name": "DG_Number_Octopus",
      "minvalue": 0
    }
  },
  {
    "pk": 313,
    "model": "core.field",
    "fields": {
      "default_value": "",
      "datatype": 8,
      "required": false,
      "maxvalue": null,
      "unit_id": null,
      "internal_name": "DG_Number_Other_Crabs",
      "minvalue": null
    }
  },
  {
    "pk": 318,
    "model": "core.field",
    "fields": {
      "default_value": "",
      "datatype": 8,
      "required": false,
      "maxvalue": null,
      "unit_id": null,
      "internal_name": "DG_Number_Other_Fish",
      "minvalue": null
    }
  },
  {
    "pk": 323,
    "model": "core.field",
    "fields": {
      "default_value": "",
      "datatype": 8,
      "required": false,
      "maxvalue": null,
      "unit_id": null,
      "internal_name": "DG_Number_Other_Invertabrates",
      "minvalue": null
    }
  },
  {
    "pk": 294,
    "model": "core.field",
    "fields": {
      "default_value": "0",
      "datatype": 7,
      "required": false,
      "maxvalue": null,
      "unit_id": null,
      "internal_name": "DG_Number_Pots_Recovered",
      "minvalue": 0
    }
  },
  {
    "pk": 316,
    "model": "core.field",
    "fields": {
      "default_value": "",
      "datatype": 8,
      "required": false,
      "maxvalue": null,
      "unit_id": null,
      "internal_name": "DG_Number_Rockfish",
      "minvalue": null
    }
  },
  {
    "pk": 317,
    "model": "core.field",
    "fields": {
      "default_value": "",
      "datatype": 8,
      "required": false,
      "maxvalue": null,
      "unit_id": null,
      "internal_name": "DG_Number_Salmon",
      "minvalue": null
    }
  },
  {
    "pk": 321,
    "model": "core.field",
    "fields": {
      "default_value": "0",
      "datatype": 7,
      "required": false,
      "maxvalue": null,
      "unit_id": null,
      "internal_name": "DG_Number_Sand_Dollars",
      "minvalue": 0
    }
  },
  {
    "pk": 319,
    "model": "core.field",
    "fields": {
      "default_value": "",
      "datatype": 8,
      "required": false,
      "maxvalue": null,
      "unit_id": null,
      "internal_name": "DG_Number_Seastars",
      "minvalue": null
    }
  },
  {
    "pk": 310,
    "model": "core.field",
    "fields": {
      "default_value": "0",
      "datatype": 7,
      "required": false,
      "maxvalue": null,
      "unit_id": null,
      "internal_name": "DG_Number_Sublegal_Crabs",
      "minvalue": 0
    }
  },
  {
    "pk": 307,
    "model": "core.field",
    "fields": {
      "default_value": "",
      "datatype": 8,
      "required": false,
      "maxvalue": null,
      "unit_id": null,
      "internal_name": "DG_Organisms_In_Debris",
      "minvalue": null
    }
  },
  {
    "pk": 327,
    "model": "core.field",
    "fields": {
      "default_value": "",
      "datatype": 8,
      "required": false,
      "maxvalue": null,
      "unit_id": null,
      "internal_name": "DG_Other_Details",
      "minvalue": null
    }
  },
  {
    "pk": 290,
    "model": "core.field",
    "fields": {
      "default_value": "",
      "datatype": 8,
      "required": false,
      "maxvalue": null,
      "unit_id": null,
      "internal_name": "DG_Other_Habitat_Type",
      "minvalue": null
    }
  },
  {
    "pk": 250,
    "model": "core.field",
    "fields": {
      "default_value": "0",
      "datatype": 7,
      "required": false,
      "maxvalue": null,
      "unit_id": null,
      "internal_name": "DG_Project_Gear_ID",
      "minvalue": 0
    }
  },
  {
    "pk": 249,
    "model": "core.field",
    "fields": {
      "default_value": "",
      "datatype": 8,
      "required": false,
      "maxvalue": null,
      "unit_id": null,
      "internal_name": "DG_Project_Gear_ID_Text",
      "minvalue": null
    }
  },
  {
    "pk": 247,
    "model": "core.field",
    "fields": {
      "default_value": "",
      "datatype": 8,
      "required": false,
      "maxvalue": null,
      "unit_id": null,
      "internal_name": "DG_Project_Name",
      "minvalue": null
    }
  },
  {
    "pk": 248,
    "model": "core.field",
    "fields": {
      "default_value": "0",
      "datatype": 7,
      "required": false,
      "maxvalue": null,
      "unit_id": null,
      "internal_name": "DG_Project_Record",
      "minvalue": 0
    }
  },
  {
    "pk": 251,
    "model": "core.field",
    "fields": {
      "default_value": "",
      "datatype": 8,
      "required": false,
      "maxvalue": null,
      "unit_id": null,
      "internal_name": "DG_Project_Target_ID",
      "minvalue": null
    }
  },
  {
    "pk": 254,
    "model": "core.field",
    "fields": {
      "default_value": "",
      "datatype": 8,
      "required": false,
      "maxvalue": null,
      "unit_id": null,
      "internal_name": "DG_Secondary_Gear_Type",
      "minvalue": null
    }
  },
  {
    "pk": 261,
    "model": "core.field",
    "fields": {
      "default_value": "",
      "datatype": 8,
      "required": false,
      "maxvalue": null,
      "unit_id": null,
      "internal_name": "DG_Vessel_Name",
      "minvalue": null
    }
  },
  {
    "pk": 266,
    "model": "core.field",
    "fields": {
      "default_value": "",
      "datatype": 8,
      "required": false,
      "maxvalue": null,
      "unit_id": null,
      "internal_name": "DG_WDFW_Fishery_Zone",
      "minvalue": null
    }
  },
  {
    "pk": 175,
    "model": "core.field",
    "fields": {
      "default_value": "0",
      "datatype": 7,
      "required": false,
      "maxvalue": null,
      "unit_id": null,
      "internal_name": "Diapers",
      "minvalue": 0
    }
  },
  {
    "pk": 46,
    "model": "core.field",
    "fields": {
      "default_value": "",
      "datatype": 8,
      "required": false,
      "maxvalue": null,
      "unit_id": null,
      "internal_name": "Directions_to_cleanup",
      "minvalue": null
    }
  },
  {
    "pk": 33,
    "model": "core.field",
    "fields": {
      "default_value": "",
      "datatype": 8,
      "required": false,
      "maxvalue": null,
      "unit_id": null,
      "internal_name": "Email_participants_in_group",
      "minvalue": null
    }
  },
  {
    "pk": 14,
    "model": "core.field",
    "fields": {
      "default_value": "",
      "datatype": 3,
      "required": false,
      "maxvalue": null,
      "unit_id": null,
      "internal_name": "End_time",
      "minvalue": null
    }
  },
  {
    "pk": 104,
    "model": "core.field",
    "fields": {
      "default_value": "0",
      "datatype": 7,
      "required": false,
      "maxvalue": null,
      "unit_id": null,
      "internal_name": "Entangled_animals_dead_or_alive",
      "minvalue": 0
    }
  },
  {
    "pk": 446,
    "model": "core.field",
    "fields": {
      "default_value": "",
      "datatype": 2,
      "required": false,
      "maxvalue": null,
      "unit_id": null,
      "internal_name": "Estimated_by_Previous_Years",
      "minvalue": null
    }
  },
  {
    "pk": 53,
    "model": "core.field",
    "fields": {
      "default_value": "",
      "datatype": 8,
      "required": false,
      "maxvalue": null,
      "unit_id": null,
      "internal_name": "Event_name",
      "minvalue": null
    }
  },
  {
    "pk": 177,
    "model": "core.field",
    "fields": {
      "default_value": "0",
      "datatype": 7,
      "required": false,
      "maxvalue": null,
      "unit_id": null,
      "internal_name": "Feminine_products",
      "minvalue": 0
    }
  },
  {
    "pk": 188,
    "model": "core.field",
    "fields": {
      "default_value": "0",
      "datatype": 7,
      "required": false,
      "maxvalue": null,
      "unit_id": null,
      "internal_name": "Fireworks",
      "minvalue": 0
    }
  },
  {
    "pk": 201,
    "model": "core.field",
    "fields": {
      "default_value": "0",
      "datatype": 7,
      "required": false,
      "maxvalue": null,
      "unit_id": null,
      "internal_name": "Foam_rubber",
      "minvalue": 0
    }
  },
  {
    "pk": 222,
    "model": "core.field",
    "fields": {
      "default_value": "0",
      "datatype": 7,
      "required": false,
      "maxvalue": null,
      "unit_id": null,
      "internal_name": "Food_waste",
      "minvalue": 0
    }
  },
  {
    "pk": 211,
    "model": "core.field",
    "fields": {
      "default_value": "0",
      "datatype": 7,
      "required": false,
      "maxvalue": null,
      "unit_id": null,
      "internal_name": "Furniture",
      "minvalue": 0
    }
  },
  {
    "pk": 216,
    "model": "core.field",
    "fields": {
      "default_value": "0",
      "datatype": 7,
      "required": false,
      "maxvalue": null,
      "unit_id": null,
      "internal_name": "Garbage_bags_of_trash",
      "minvalue": 0
    }
  },
  {
    "pk": 169,
    "model": "core.field",
    "fields": {
      "default_value": "0",
      "datatype": 7,
      "required": false,
      "maxvalue": null,
      "unit_id": null,
      "internal_name": "General_bags",
      "minvalue": 0
    }
  },
  {
    "pk": 161,
    "model": "core.field",
    "fields": {
      "default_value": "0",
      "datatype": 7,
      "required": false,
      "maxvalue": null,
      "unit_id": null,
      "internal_name": "General_bouys_floats",
      "minvalue": 0
    }
  },
  {
    "pk": 160,
    "model": "core.field",
    "fields": {
      "default_value": "0",
      "datatype": 7,
      "required": false,
      "maxvalue": null,
      "unit_id": null,
      "internal_name": "General_caps_lids",
      "minvalue": 0
    }
  },
  {
    "pk": 170,
    "model": "core.field",
    "fields": {
      "default_value": "0",
      "datatype": 7,
      "required": false,
      "maxvalue": null,
      "unit_id": null,
      "internal_name": "General_fishing_bait_containers",
      "minvalue": 0
    }
  },
  {
    "pk": 159,
    "model": "core.field",
    "fields": {
      "default_value": "0",
      "datatype": 7,
      "required": false,
      "maxvalue": null,
      "unit_id": null,
      "internal_name": "General_fishing_line",
      "minvalue": 0
    }
  },
  {
    "pk": 165,
    "model": "core.field",
    "fields": {
      "default_value": "0",
      "datatype": 7,
      "required": false,
      "maxvalue": null,
      "unit_id": null,
      "internal_name": "General_fishing_net_or_rope",
      "minvalue": 0
    }
  },
  {
    "pk": 163,
    "model": "core.field",
    "fields": {
      "default_value": "0",
      "datatype": 7,
      "required": false,
      "maxvalue": null,
      "unit_id": null,
      "internal_name": "General_fishing_nets",
      "minvalue": 0
    }
  },
  {
    "pk": 167,
    "model": "core.field",
    "fields": {
      "default_value": "0",
      "datatype": 7,
      "required": false,
      "maxvalue": null,
      "unit_id": null,
      "internal_name": "General_food_containers ",
      "minvalue": 0
    }
  },
  {
    "pk": 166,
    "model": "core.field",
    "fields": {
      "default_value": "0",
      "datatype": 7,
      "required": false,
      "maxvalue": null,
      "unit_id": null,
      "internal_name": "General_food_containers_dishes",
      "minvalue": 0
    }
  },
  {
    "pk": 168,
    "model": "core.field",
    "fields": {
      "default_value": "0",
      "datatype": 7,
      "required": false,
      "maxvalue": null,
      "unit_id": null,
      "internal_name": "General_food_dishes",
      "minvalue": 0
    }
  },
  {
    "pk": 171,
    "model": "core.field",
    "fields": {
      "default_value": "0",
      "datatype": 7,
      "required": false,
      "maxvalue": null,
      "unit_id": null,
      "internal_name": "General_hose_pieces",
      "minvalue": 0
    }
  },
  {
    "pk": 164,
    "model": "core.field",
    "fields": {
      "default_value": "0",
      "datatype": 7,
      "required": false,
      "maxvalue": null,
      "unit_id": null,
      "internal_name": "General_rope",
      "minvalue": 0
    }
  },
  {
    "pk": 162,
    "model": "core.field",
    "fields": {
      "default_value": "0",
      "datatype": 7,
      "required": false,
      "maxvalue": null,
      "unit_id": null,
      "internal_name": "General_strapping_bands",
      "minvalue": 0
    }
  },
  {
    "pk": 139,
    "model": "core.field",
    "fields": {
      "default_value": "0",
      "datatype": 7,
      "required": false,
      "maxvalue": null,
      "unit_id": null,
      "internal_name": "Glass_bottles",
      "minvalue": 0
    }
  },
  {
    "pk": 140,
    "model": "core.field",
    "fields": {
      "default_value": "0",
      "datatype": 7,
      "required": false,
      "maxvalue": null,
      "unit_id": null,
      "internal_name": "Glass_pieces",
      "minvalue": 0
    }
  },
  {
    "pk": 190,
    "model": "core.field",
    "fields": {
      "default_value": "0",
      "datatype": 7,
      "required": false,
      "maxvalue": null,
      "unit_id": null,
      "internal_name": "Golf_balls",
      "minvalue": 0
    }
  },
  {
    "pk": 245,
    "model": "core.field",
    "fields": {
      "default_value": "0",
      "datatype": 7,
      "required": false,
      "maxvalue": null,
      "unit_id": null,
      "internal_name": "Grade",
      "minvalue": 0
    }
  },
  {
    "pk": 213,
    "model": "core.field",
    "fields": {
      "default_value": "0",
      "datatype": 7,
      "required": false,
      "maxvalue": null,
      "unit_id": null,
      "internal_name": "Home_appliances",
      "minvalue": 0
    }
  },
  {
    "pk": 444,
    "model": "core.field",
    "fields": {
      "default_value": "0",
      "datatype": 7,
      "required": false,
      "maxvalue": null,
      "unit_id": null,
      "internal_name": "Hours_at_Cleanup",
      "minvalue": 0
    }
  },
  {
    "pk": 238,
    "model": "core.field",
    "fields": {
      "default_value": "",
      "datatype": 2,
      "required": false,
      "maxvalue": null,
      "unit_id": null,
      "internal_name": "Invasives",
      "minvalue": null
    }
  },
  {
    "pk": 209,
    "model": "core.field",
    "fields": {
      "default_value": "0",
      "datatype": 7,
      "required": false,
      "maxvalue": null,
      "unit_id": null,
      "internal_name": "Large_trash_items",
      "minvalue": 0
    }
  },
  {
    "pk": 47,
    "model": "core.field",
    "fields": {
      "default_value": "",
      "datatype": 13,
      "required": false,
      "maxvalue": null,
      "unit_id": null,
      "internal_name": "Latitude",
      "minvalue": null
    }
  },
  {
    "pk": 224,
    "model": "core.field",
    "fields": {
      "default_value": "0",
      "datatype": 7,
      "required": false,
      "maxvalue": null,
      "unit_id": null,
      "internal_name": "Leaf_litter",
      "minvalue": 0
    }
  },
  {
    "pk": 199,
    "model": "core.field",
    "fields": {
      "default_value": "0",
      "datatype": 7,
      "required": false,
      "maxvalue": null,
      "unit_id": null,
      "internal_name": "Light_bulbs_tubes",
      "minvalue": 0
    }
  },
  {
    "pk": 236,
    "model": "core.field",
    "fields": {
      "default_value": "",
      "datatype": 2,
      "required": false,
      "maxvalue": null,
      "unit_id": null,
      "internal_name": "Litter",
      "minvalue": null
    }
  },
  {
    "pk": 49,
    "model": "core.field",
    "fields": {
      "default_value": "",
      "datatype": 8,
      "required": false,
      "maxvalue": null,
      "unit_id": null,
      "internal_name": "Location_ID",
      "minvalue": null
    }
  },
  {
    "pk": 48,
    "model": "core.field",
    "fields": {
      "default_value": "",
      "datatype": 13,
      "required": false,
      "maxvalue": null,
      "unit_id": null,
      "internal_name": "Longitude",
      "minvalue": null
    }
  },
  {
    "pk": 237,
    "model": "core.field",
    "fields": {
      "default_value": "",
      "datatype": 2,
      "required": false,
      "maxvalue": null,
      "unit_id": null,
      "internal_name": "Maintenance",
      "minvalue": null
    }
  },
  {
    "pk": 69,
    "model": "core.field",
    "fields": {
      "default_value": "0",
      "datatype": 7,
      "required": false,
      "maxvalue": null,
      "unit_id": null,
      "internal_name": "Maximum_volunteers",
      "minvalue": 0
    }
  },
  {
    "pk": 45,
    "model": "core.field",
    "fields": {
      "default_value": "",
      "datatype": 8,
      "required": false,
      "maxvalue": null,
      "unit_id": null,
      "internal_name": "Meeting_location",
      "minvalue": null
    }
  },
  {
    "pk": 151,
    "model": "core.field",
    "fields": {
      "default_value": "0",
      "datatype": 7,
      "required": false,
      "maxvalue": null,
      "unit_id": null,
      "internal_name": "Metal_aluminum_foil",
      "minvalue": 0
    }
  },
  {
    "pk": 150,
    "model": "core.field",
    "fields": {
      "default_value": "0",
      "datatype": 7,
      "required": false,
      "maxvalue": null,
      "unit_id": null,
      "internal_name": "Metal_beverage_cans",
      "minvalue": 0
    }
  },
  {
    "pk": 147,
    "model": "core.field",
    "fields": {
      "default_value": "0",
      "datatype": 7,
      "required": false,
      "maxvalue": null,
      "unit_id": null,
      "internal_name": "Metal_caps_lids",
      "minvalue": 0
    }
  },
  {
    "pk": 149,
    "model": "core.field",
    "fields": {
      "default_value": "0",
      "datatype": 7,
      "required": false,
      "maxvalue": null,
      "unit_id": null,
      "internal_name": "Metal_caps_lids_pull_tabs",
      "minvalue": 0
    }
  },
  {
    "pk": 154,
    "model": "core.field",
    "fields": {
      "default_value": "0",
      "datatype": 7,
      "required": false,
      "maxvalue": null,
      "unit_id": null,
      "internal_name": "Metal_fishing_hooks_lures",
      "minvalue": 0
    }
  },
  {
    "pk": 146,
    "model": "core.field",
    "fields": {
      "default_value": "0",
      "datatype": 7,
      "required": false,
      "maxvalue": null,
      "unit_id": null,
      "internal_name": "Metal_pieces",
      "minvalue": 0
    }
  },
  {
    "pk": 152,
    "model": "core.field",
    "fields": {
      "default_value": "0",
      "datatype": 7,
      "required": false,
      "maxvalue": null,
      "unit_id": null,
      "internal_name": "Metal_pipe",
      "minvalue": 0
    }
  },
  {
    "pk": 148,
    "model": "core.field",
    "fields": {
      "default_value": "0",
      "datatype": 7,
      "required": false,
      "maxvalue": null,
      "unit_id": null,
      "internal_name": "Metal_pull_tabs",
      "minvalue": 0
    }
  },
  {
    "pk": 153,
    "model": "core.field",
    "fields": {
      "default_value": "0",
      "datatype": 7,
      "required": false,
      "maxvalue": null,
      "unit_id": null,
      "internal_name": "Metal_wire",
      "minvalue": 0
    }
  },
  {
    "pk": 68,
    "model": "core.field",
    "fields": {
      "default_value": "0",
      "datatype": 7,
      "required": false,
      "maxvalue": null,
      "unit_id": null,
      "internal_name": "Minimum_volunteers",
      "minvalue": 0
    }
  },
  {
    "pk": 24,
    "model": "core.field",
    "fields": {
      "default_value": "",
      "datatype": 8,
      "required": false,
      "maxvalue": null,
      "unit_id": null,
      "internal_name": "Monitoring_group",
      "minvalue": null
    }
  },
  {
    "pk": 35,
    "model": "core.field",
    "fields": {
      "default_value": "",
      "datatype": 13,
      "required": false,
      "maxvalue": null,
      "unit_id": null,
      "internal_name": "More_info_on_OAN",
      "minvalue": null
    }
  },
  {
    "pk": 34,
    "model": "core.field",
    "fields": {
      "default_value": "",
      "datatype": 13,
      "required": false,
      "maxvalue": null,
      "unit_id": null,
      "internal_name": "More_info_on_Ocean_Conservancy",
      "minvalue": null
    }
  },
  {
    "pk": 106,
    "model": "core.field",
    "fields": {
      "default_value": "",
      "datatype": 8,
      "required": false,
      "maxvalue": null,
      "unit_id": null,
      "internal_name": "Most_peculiar_item",
      "minvalue": null
    }
  },
  {
    "pk": 227,
    "model": "core.field",
    "fields": {
      "default_value": "0",
      "datatype": 7,
      "required": false,
      "maxvalue": null,
      "unit_id": null,
      "internal_name": "Mulch_spread",
      "minvalue": 0
    }
  },
  {
    "pk": 187,
    "model": "core.field",
    "fields": {
      "default_value": "0",
      "datatype": 7,
      "required": false,
      "maxvalue": null,
      "unit_id": null,
      "internal_name": "Nails",
      "minvalue": 0
    }
  },
  {
    "pk": 22,
    "model": "core.field",
    "fields": {
      "default_value": "",
      "datatype": 8,
      "required": false,
      "maxvalue": null,
      "unit_id": null,
      "internal_name": "Names_groups_participated_in_cleanup",
      "minvalue": null
    }
  },
  {
    "pk": 239,
    "model": "core.field",
    "fields": {
      "default_value": "",
      "datatype": 8,
      "required": false,
      "maxvalue": null,
      "unit_id": null,
      "internal_name": "Names_invasive_plants_removed",
      "minvalue": null
    }
  },
  {
    "pk": 26,
    "model": "core.field",
    "fields": {
      "default_value": "",
      "datatype": 8,
      "required": false,
      "maxvalue": null,
      "unit_id": null,
      "internal_name": "Names_participants_in_group",
      "minvalue": null
    }
  },
  {
    "pk": 103,
    "model": "core.field",
    "fields": {
      "default_value": "",
      "datatype": 8,
      "required": false,
      "maxvalue": null,
      "unit_id": null,
      "internal_name": "Narrative_of_results",
      "minvalue": null
    }
  },
  {
    "pk": 226,
    "model": "core.field",
    "fields": {
      "default_value": "0",
      "datatype": 7,
      "required": false,
      "maxvalue": null,
      "unit_id": null,
      "internal_name": "Native_plants_planted",
      "minvalue": 0
    }
  },
  {
    "pk": 225,
    "model": "core.field",
    "fields": {
      "default_value": "0",
      "datatype": 7,
      "required": false,
      "maxvalue": null,
      "unit_id": null,
      "internal_name": "Native_trees_planted",
      "minvalue": 0
    }
  },
  {
    "pk": 196,
    "model": "core.field",
    "fields": {
      "default_value": "0",
      "datatype": 7,
      "required": false,
      "maxvalue": null,
      "unit_id": null,
      "internal_name": "Natural_fabric",
      "minvalue": 0
    }
  },
  {
    "pk": 71,
    "model": "core.field",
    "fields": {
      "default_value": "0",
      "datatype": 7,
      "required": false,
      "maxvalue": null,
      "unit_id": null,
      "internal_name": "Number_adult_trainees",
      "minvalue": 0
    }
  },
  {
    "pk": 70,
    "model": "core.field",
    "fields": {
      "default_value": "0",
      "datatype": 7,
      "required": false,
      "maxvalue": null,
      "unit_id": null,
      "internal_name": "Number_adult_volunteers",
      "minvalue": 0
    }
  },
  {
    "pk": 98,
    "model": "core.field",
    "fields": {
      "default_value": "0",
      "datatype": 7,
      "required": false,
      "maxvalue": null,
      "unit_id": null,
      "internal_name": "Number_garbage_bags",
      "minvalue": 0
    }
  },
  {
    "pk": 99,
    "model": "core.field",
    "fields": {
      "default_value": "0",
      "datatype": 7,
      "required": false,
      "maxvalue": null,
      "unit_id": null,
      "internal_name": "Number_garbage_bags_beach",
      "minvalue": 0
    }
  },
  {
    "pk": 100,
    "model": "core.field",
    "fields": {
      "default_value": "0",
      "datatype": 7,
      "required": false,
      "maxvalue": null,
      "unit_id": null,
      "internal_name": "Number_garbage_bags_underwater",
      "minvalue": 0
    }
  },
  {
    "pk": 101,
    "model": "core.field",
    "fields": {
      "default_value": "0",
      "datatype": 7,
      "required": false,
      "maxvalue": null,
      "unit_id": null,
      "internal_name": "Number_garbage_bags_watercraft",
      "minvalue": 0
    }
  },
  {
    "pk": 60,
    "model": "core.field",
    "fields": {
      "default_value": "0",
      "datatype": 7,
      "required": false,
      "maxvalue": null,
      "unit_id": null,
      "internal_name": "Number_of_sites",
      "minvalue": 0
    }
  },
  {
    "pk": 74,
    "model": "core.field",
    "fields": {
      "default_value": "0",
      "datatype": 7,
      "required": false,
      "maxvalue": null,
      "unit_id": null,
      "internal_name": "Number_school_staff",
      "minvalue": 0
    }
  },
  {
    "pk": 75,
    "model": "core.field",
    "fields": {
      "default_value": "0",
      "datatype": 7,
      "required": false,
      "maxvalue": null,
      "unit_id": null,
      "internal_name": "Number_school_staff_trainees",
      "minvalue": 0
    }
  },
  {
    "pk": 76,
    "model": "core.field",
    "fields": {
      "default_value": "0",
      "datatype": 7,
      "required": false,
      "maxvalue": null,
      "unit_id": null,
      "internal_name": "Number_students",
      "minvalue": 0
    }
  },
  {
    "pk": 77,
    "model": "core.field",
    "fields": {
      "default_value": "0",
      "datatype": 7,
      "required": false,
      "maxvalue": null,
      "unit_id": null,
      "internal_name": "Number_student_trainees",
      "minvalue": 0
    }
  },
  {
    "pk": 217,
    "model": "core.field",
    "fields": {
      "default_value": "0",
      "datatype": 7,
      "required": false,
      "maxvalue": null,
      "unit_id": null,
      "internal_name": "Number_Tires",
      "minvalue": 0
    }
  },
  {
    "pk": 78,
    "model": "core.field",
    "fields": {
      "default_value": "0",
      "datatype": 7,
      "required": false,
      "maxvalue": null,
      "unit_id": null,
      "internal_name": "Number_volunteers_beach",
      "minvalue": 0
    }
  },
  {
    "pk": 79,
    "model": "core.field",
    "fields": {
      "default_value": "0",
      "datatype": 7,
      "required": false,
      "maxvalue": null,
      "unit_id": null,
      "internal_name": "Number_volunteers_underwater",
      "minvalue": 0
    }
  },
  {
    "pk": 80,
    "model": "core.field",
    "fields": {
      "default_value": "0",
      "datatype": 7,
      "required": false,
      "maxvalue": null,
      "unit_id": null,
      "internal_name": "Number_volunteers_watercraft",
      "minvalue": 0
    }
  },
  {
    "pk": 81,
    "model": "core.field",
    "fields": {
      "default_value": "0",
      "datatype": 7,
      "required": false,
      "maxvalue": null,
      "unit_id": null,
      "internal_name": "Number_volunteers_working_data_card",
      "minvalue": 0
    }
  },
  {
    "pk": 73,
    "model": "core.field",
    "fields": {
      "default_value": "0",
      "datatype": 7,
      "required": false,
      "maxvalue": null,
      "unit_id": null,
      "internal_name": "Number_youth_trainees",
      "minvalue": 0
    }
  },
  {
    "pk": 72,
    "model": "core.field",
    "fields": {
      "default_value": "0",
      "datatype": 7,
      "required": false,
      "maxvalue": null,
      "unit_id": null,
      "internal_name": "Number_youth_volunteers",
      "minvalue": 0
    }
  },
  {
    "pk": 184,
    "model": "core.field",
    "fields": {
      "default_value": "0",
      "datatype": 7,
      "required": false,
      "maxvalue": null,
      "unit_id": null,
      "internal_name": "Oil_surfactant_on_water",
      "minvalue": 0
    }
  },
  {
    "pk": 445,
    "model": "core.field",
    "fields": {
      "default_value": "",
      "datatype": 2,
      "required": false,
      "maxvalue": null,
      "unit_id": null,
      "internal_name": "Open_or_Closed_Site",
      "minvalue": null
    }
  },
  {
    "pk": 242,
    "model": "core.field",
    "fields": {
      "default_value": "",
      "datatype": 8,
      "required": false,
      "maxvalue": null,
      "unit_id": null,
      "internal_name": "Other_1_text",
      "minvalue": null
    }
  },
  {
    "pk": 438,
    "model": "core.field",
    "fields": {
      "default_value": "",
      "datatype": 8,
      "required": false,
      "maxvalue": null,
      "unit_id": null,
      "internal_name": "Other_Coast_Savers_1",
      "minvalue": null
    }
  },
  {
    "pk": 440,
    "model": "core.field",
    "fields": {
      "default_value": "",
      "datatype": 8,
      "required": false,
      "maxvalue": null,
      "unit_id": null,
      "internal_name": "Other_Coast_Savers_2",
      "minvalue": null
    }
  },
  {
    "pk": 442,
    "model": "core.field",
    "fields": {
      "default_value": "",
      "datatype": 8,
      "required": false,
      "maxvalue": null,
      "unit_id": null,
      "internal_name": "Other_Coast_Savers_3",
      "minvalue": null
    }
  },
  {
    "pk": 439,
    "model": "core.field",
    "fields": {
      "default_value": "0",
      "datatype": 7,
      "required": false,
      "maxvalue": null,
      "unit_id": null,
      "internal_name": "Other_Coast_Savers_items_1",
      "minvalue": 0
    }
  },
  {
    "pk": 441,
    "model": "core.field",
    "fields": {
      "default_value": "0",
      "datatype": 7,
      "required": false,
      "maxvalue": null,
      "unit_id": null,
      "internal_name": "Other_Coast_Savers_items_2",
      "minvalue": 0
    }
  },
  {
    "pk": 443,
    "model": "core.field",
    "fields": {
      "default_value": "0",
      "datatype": 7,
      "required": false,
      "maxvalue": null,
      "unit_id": null,
      "internal_name": "Other_Coast_Savers_items_3",
      "minvalue": 0
    }
  },
  {
    "pk": 435,
    "model": "core.field",
    "fields": {
      "default_value": "",
      "datatype": 8,
      "required": false,
      "maxvalue": null,
      "unit_id": null,
      "internal_name": "Other_ICC_datacard_1",
      "minvalue": null
    }
  },
  {
    "pk": 436,
    "model": "core.field",
    "fields": {
      "default_value": "",
      "datatype": 8,
      "required": false,
      "maxvalue": null,
      "unit_id": null,
      "internal_name": "Other_ICC_datacard_2",
      "minvalue": null
    }
  },
  {
    "pk": 437,
    "model": "core.field",
    "fields": {
      "default_value": "",
      "datatype": 8,
      "required": false,
      "maxvalue": null,
      "unit_id": null,
      "internal_name": "Other_ICC_datacard_3",
      "minvalue": null
    }
  },
  {
    "pk": 423,
    "model": "core.field",
    "fields": {
      "default_value": "",
      "datatype": 8,
      "required": false,
      "maxvalue": null,
      "unit_id": null,
      "internal_name": "Other_SBCK_1",
      "minvalue": null
    }
  },
  {
    "pk": 424,
    "model": "core.field",
    "fields": {
      "default_value": "",
      "datatype": 8,
      "required": false,
      "maxvalue": null,
      "unit_id": null,
      "internal_name": "Other_SBCK_datacard_1",
      "minvalue": null
    }
  },
  {
    "pk": 433,
    "model": "core.field",
    "fields": {
      "default_value": "",
      "datatype": 8,
      "required": false,
      "maxvalue": null,
      "unit_id": null,
      "internal_name": "Other_SBCK_datacard_10",
      "minvalue": null
    }
  },
  {
    "pk": 425,
    "model": "core.field",
    "fields": {
      "default_value": "",
      "datatype": 8,
      "required": false,
      "maxvalue": null,
      "unit_id": null,
      "internal_name": "Other_SBCK_datacard_2",
      "minvalue": null
    }
  },
  {
    "pk": 426,
    "model": "core.field",
    "fields": {
      "default_value": "",
      "datatype": 8,
      "required": false,
      "maxvalue": null,
      "unit_id": null,
      "internal_name": "Other_SBCK_datacard_3",
      "minvalue": null
    }
  },
  {
    "pk": 427,
    "model": "core.field",
    "fields": {
      "default_value": "",
      "datatype": 8,
      "required": false,
      "maxvalue": null,
      "unit_id": null,
      "internal_name": "Other_SBCK_datacard_4",
      "minvalue": null
    }
  },
  {
    "pk": 428,
    "model": "core.field",
    "fields": {
      "default_value": "",
      "datatype": 8,
      "required": false,
      "maxvalue": null,
      "unit_id": null,
      "internal_name": "Other_SBCK_datacard_5",
      "minvalue": null
    }
  },
  {
    "pk": 429,
    "model": "core.field",
    "fields": {
      "default_value": "",
      "datatype": 8,
      "required": false,
      "maxvalue": null,
      "unit_id": null,
      "internal_name": "Other_SBCK_datacard_6",
      "minvalue": null
    }
  },
  {
    "pk": 430,
    "model": "core.field",
    "fields": {
      "default_value": "",
      "datatype": 8,
      "required": false,
      "maxvalue": null,
      "unit_id": null,
      "internal_name": "Other_SBCK_datacard_7",
      "minvalue": null
    }
  },
  {
    "pk": 431,
    "model": "core.field",
    "fields": {
      "default_value": "",
      "datatype": 8,
      "required": false,
      "maxvalue": null,
      "unit_id": null,
      "internal_name": "Other_SBCK_datacard_8",
      "minvalue": null
    }
  },
  {
    "pk": 432,
    "model": "core.field",
    "fields": {
      "default_value": "",
      "datatype": 8,
      "required": false,
      "maxvalue": null,
      "unit_id": null,
      "internal_name": "Other_SBCK_datacard_9",
      "minvalue": null
    }
  },
  {
    "pk": 434,
    "model": "core.field",
    "fields": {
      "default_value": "",
      "datatype": 8,
      "required": false,
      "maxvalue": null,
      "unit_id": null,
      "internal_name": "Other_SOLV_datacard_1",
      "minvalue": null
    }
  },
  {
    "pk": 340,
    "model": "core.field",
    "fields": {
      "default_value": "",
      "datatype": 8,
      "required": false,
      "maxvalue": null,
      "unit_id": null,
      "internal_name": "Other_SOS_2007_1",
      "minvalue": null
    }
  },
  {
    "pk": 341,
    "model": "core.field",
    "fields": {
      "default_value": "0",
      "datatype": 7,
      "required": false,
      "maxvalue": null,
      "unit_id": null,
      "internal_name": "Other_SOS_2007_total",
      "minvalue": 0
    }
  },
  {
    "pk": 342,
    "model": "core.field",
    "fields": {
      "default_value": "",
      "datatype": 8,
      "required": false,
      "maxvalue": null,
      "unit_id": null,
      "internal_name": "Other_SOS_2008_1",
      "minvalue": null
    }
  },
  {
    "pk": 343,
    "model": "core.field",
    "fields": {
      "default_value": "",
      "datatype": 8,
      "required": false,
      "maxvalue": null,
      "unit_id": null,
      "internal_name": "Other_SOS_2009_1",
      "minvalue": null
    }
  },
  {
    "pk": 344,
    "model": "core.field",
    "fields": {
      "default_value": "",
      "datatype": 8,
      "required": false,
      "maxvalue": null,
      "unit_id": null,
      "internal_name": "Other_SOS_2009_2",
      "minvalue": null
    }
  },
  {
    "pk": 345,
    "model": "core.field",
    "fields": {
      "default_value": "",
      "datatype": 8,
      "required": false,
      "maxvalue": null,
      "unit_id": null,
      "internal_name": "Other_SOS_2009_3",
      "minvalue": null
    }
  },
  {
    "pk": 346,
    "model": "core.field",
    "fields": {
      "default_value": "",
      "datatype": 8,
      "required": false,
      "maxvalue": null,
      "unit_id": null,
      "internal_name": "Other_SOS_2009_4",
      "minvalue": null
    }
  },
  {
    "pk": 347,
    "model": "core.field",
    "fields": {
      "default_value": "",
      "datatype": 8,
      "required": false,
      "maxvalue": null,
      "unit_id": null,
      "internal_name": "Other_SOS_2009_5",
      "minvalue": null
    }
  },
  {
    "pk": 348,
    "model": "core.field",
    "fields": {
      "default_value": "",
      "datatype": 8,
      "required": false,
      "maxvalue": null,
      "unit_id": null,
      "internal_name": "Other_SOS_2010_1",
      "minvalue": null
    }
  },
  {
    "pk": 357,
    "model": "core.field",
    "fields": {
      "default_value": "",
      "datatype": 8,
      "required": false,
      "maxvalue": null,
      "unit_id": null,
      "internal_name": "Other_SOS_2010_10",
      "minvalue": null
    }
  },
  {
    "pk": 358,
    "model": "core.field",
    "fields": {
      "default_value": "",
      "datatype": 8,
      "required": false,
      "maxvalue": null,
      "unit_id": null,
      "internal_name": "Other_SOS_2010_11",
      "minvalue": null
    }
  },
  {
    "pk": 359,
    "model": "core.field",
    "fields": {
      "default_value": "",
      "datatype": 8,
      "required": false,
      "maxvalue": null,
      "unit_id": null,
      "internal_name": "Other_SOS_2010_12",
      "minvalue": null
    }
  },
  {
    "pk": 360,
    "model": "core.field",
    "fields": {
      "default_value": "",
      "datatype": 8,
      "required": false,
      "maxvalue": null,
      "unit_id": null,
      "internal_name": "Other_SOS_2010_13",
      "minvalue": null
    }
  },
  {
    "pk": 361,
    "model": "core.field",
    "fields": {
      "default_value": "",
      "datatype": 8,
      "required": false,
      "maxvalue": null,
      "unit_id": null,
      "internal_name": "Other_SOS_2010_14",
      "minvalue": null
    }
  },
  {
    "pk": 362,
    "model": "core.field",
    "fields": {
      "default_value": "",
      "datatype": 8,
      "required": false,
      "maxvalue": null,
      "unit_id": null,
      "internal_name": "Other_SOS_2010_15",
      "minvalue": null
    }
  },
  {
    "pk": 363,
    "model": "core.field",
    "fields": {
      "default_value": "",
      "datatype": 8,
      "required": false,
      "maxvalue": null,
      "unit_id": null,
      "internal_name": "Other_SOS_2010_16",
      "minvalue": null
    }
  },
  {
    "pk": 364,
    "model": "core.field",
    "fields": {
      "default_value": "",
      "datatype": 8,
      "required": false,
      "maxvalue": null,
      "unit_id": null,
      "internal_name": "Other_SOS_2010_17",
      "minvalue": null
    }
  },
  {
    "pk": 365,
    "model": "core.field",
    "fields": {
      "default_value": "",
      "datatype": 8,
      "required": false,
      "maxvalue": null,
      "unit_id": null,
      "internal_name": "Other_SOS_2010_18",
      "minvalue": null
    }
  },
  {
    "pk": 366,
    "model": "core.field",
    "fields": {
      "default_value": "",
      "datatype": 8,
      "required": false,
      "maxvalue": null,
      "unit_id": null,
      "internal_name": "Other_SOS_2010_19",
      "minvalue": null
    }
  },
  {
    "pk": 349,
    "model": "core.field",
    "fields": {
      "default_value": "",
      "datatype": 8,
      "required": false,
      "maxvalue": null,
      "unit_id": null,
      "internal_name": "Other_SOS_2010_2",
      "minvalue": null
    }
  },
  {
    "pk": 367,
    "model": "core.field",
    "fields": {
      "default_value": "",
      "datatype": 8,
      "required": false,
      "maxvalue": null,
      "unit_id": null,
      "internal_name": "Other_SOS_2010_20",
      "minvalue": null
    }
  },
  {
    "pk": 368,
    "model": "core.field",
    "fields": {
      "default_value": "",
      "datatype": 8,
      "required": false,
      "maxvalue": null,
      "unit_id": null,
      "internal_name": "Other_SOS_2010_21",
      "minvalue": null
    }
  },
  {
    "pk": 369,
    "model": "core.field",
    "fields": {
      "default_value": "",
      "datatype": 8,
      "required": false,
      "maxvalue": null,
      "unit_id": null,
      "internal_name": "Other_SOS_2010_22",
      "minvalue": null
    }
  },
  {
    "pk": 370,
    "model": "core.field",
    "fields": {
      "default_value": "",
      "datatype": 8,
      "required": false,
      "maxvalue": null,
      "unit_id": null,
      "internal_name": "Other_SOS_2010_23",
      "minvalue": null
    }
  },
  {
    "pk": 371,
    "model": "core.field",
    "fields": {
      "default_value": "",
      "datatype": 8,
      "required": false,
      "maxvalue": null,
      "unit_id": null,
      "internal_name": "Other_SOS_2010_24",
      "minvalue": null
    }
  },
  {
    "pk": 372,
    "model": "core.field",
    "fields": {
      "default_value": "",
      "datatype": 8,
      "required": false,
      "maxvalue": null,
      "unit_id": null,
      "internal_name": "Other_SOS_2010_25",
      "minvalue": null
    }
  },
  {
    "pk": 373,
    "model": "core.field",
    "fields": {
      "default_value": "",
      "datatype": 8,
      "required": false,
      "maxvalue": null,
      "unit_id": null,
      "internal_name": "Other_SOS_2010_26",
      "minvalue": null
    }
  },
  {
    "pk": 374,
    "model": "core.field",
    "fields": {
      "default_value": "",
      "datatype": 8,
      "required": false,
      "maxvalue": null,
      "unit_id": null,
      "internal_name": "Other_SOS_2010_27",
      "minvalue": null
    }
  },
  {
    "pk": 375,
    "model": "core.field",
    "fields": {
      "default_value": "",
      "datatype": 8,
      "required": false,
      "maxvalue": null,
      "unit_id": null,
      "internal_name": "Other_SOS_2010_28",
      "minvalue": null
    }
  },
  {
    "pk": 376,
    "model": "core.field",
    "fields": {
      "default_value": "",
      "datatype": 8,
      "required": false,
      "maxvalue": null,
      "unit_id": null,
      "internal_name": "Other_SOS_2010_29",
      "minvalue": null
    }
  },
  {
    "pk": 350,
    "model": "core.field",
    "fields": {
      "default_value": "",
      "datatype": 8,
      "required": false,
      "maxvalue": null,
      "unit_id": null,
      "internal_name": "Other_SOS_2010_3",
      "minvalue": null
    }
  },
  {
    "pk": 351,
    "model": "core.field",
    "fields": {
      "default_value": "",
      "datatype": 8,
      "required": false,
      "maxvalue": null,
      "unit_id": null,
      "internal_name": "Other_SOS_2010_4",
      "minvalue": null
    }
  },
  {
    "pk": 352,
    "model": "core.field",
    "fields": {
      "default_value": "",
      "datatype": 8,
      "required": false,
      "maxvalue": null,
      "unit_id": null,
      "internal_name": "Other_SOS_2010_5",
      "minvalue": null
    }
  },
  {
    "pk": 353,
    "model": "core.field",
    "fields": {
      "default_value": "",
      "datatype": 8,
      "required": false,
      "maxvalue": null,
      "unit_id": null,
      "internal_name": "Other_SOS_2010_6",
      "minvalue": null
    }
  },
  {
    "pk": 354,
    "model": "core.field",
    "fields": {
      "default_value": "",
      "datatype": 8,
      "required": false,
      "maxvalue": null,
      "unit_id": null,
      "internal_name": "Other_SOS_2010_7",
      "minvalue": null
    }
  },
  {
    "pk": 355,
    "model": "core.field",
    "fields": {
      "default_value": "",
      "datatype": 8,
      "required": false,
      "maxvalue": null,
      "unit_id": null,
      "internal_name": "Other_SOS_2010_8",
      "minvalue": null
    }
  },
  {
    "pk": 356,
    "model": "core.field",
    "fields": {
      "default_value": "",
      "datatype": 8,
      "required": false,
      "maxvalue": null,
      "unit_id": null,
      "internal_name": "Other_SOS_2010_9",
      "minvalue": null
    }
  },
  {
    "pk": 377,
    "model": "core.field",
    "fields": {
      "default_value": "",
      "datatype": 8,
      "required": false,
      "maxvalue": null,
      "unit_id": null,
      "internal_name": "Other_SOS_2011_1",
      "minvalue": null
    }
  },
  {
    "pk": 386,
    "model": "core.field",
    "fields": {
      "default_value": "",
      "datatype": 8,
      "required": false,
      "maxvalue": null,
      "unit_id": null,
      "internal_name": "Other_SOS_2011_10",
      "minvalue": null
    }
  },
  {
    "pk": 387,
    "model": "core.field",
    "fields": {
      "default_value": "",
      "datatype": 8,
      "required": false,
      "maxvalue": null,
      "unit_id": null,
      "internal_name": "Other_SOS_2011_11",
      "minvalue": null
    }
  },
  {
    "pk": 388,
    "model": "core.field",
    "fields": {
      "default_value": "",
      "datatype": 8,
      "required": false,
      "maxvalue": null,
      "unit_id": null,
      "internal_name": "Other_SOS_2011_12",
      "minvalue": null
    }
  },
  {
    "pk": 389,
    "model": "core.field",
    "fields": {
      "default_value": "",
      "datatype": 8,
      "required": false,
      "maxvalue": null,
      "unit_id": null,
      "internal_name": "Other_SOS_2011_13",
      "minvalue": null
    }
  },
  {
    "pk": 390,
    "model": "core.field",
    "fields": {
      "default_value": "",
      "datatype": 8,
      "required": false,
      "maxvalue": null,
      "unit_id": null,
      "internal_name": "Other_SOS_2011_14",
      "minvalue": null
    }
  },
  {
    "pk": 391,
    "model": "core.field",
    "fields": {
      "default_value": "",
      "datatype": 8,
      "required": false,
      "maxvalue": null,
      "unit_id": null,
      "internal_name": "Other_SOS_2011_15",
      "minvalue": null
    }
  },
  {
    "pk": 392,
    "model": "core.field",
    "fields": {
      "default_value": "",
      "datatype": 8,
      "required": false,
      "maxvalue": null,
      "unit_id": null,
      "internal_name": "Other_SOS_2011_16",
      "minvalue": null
    }
  },
  {
    "pk": 393,
    "model": "core.field",
    "fields": {
      "default_value": "",
      "datatype": 8,
      "required": false,
      "maxvalue": null,
      "unit_id": null,
      "internal_name": "Other_SOS_2011_17",
      "minvalue": null
    }
  },
  {
    "pk": 394,
    "model": "core.field",
    "fields": {
      "default_value": "",
      "datatype": 8,
      "required": false,
      "maxvalue": null,
      "unit_id": null,
      "internal_name": "Other_SOS_2011_18",
      "minvalue": null
    }
  },
  {
    "pk": 378,
    "model": "core.field",
    "fields": {
      "default_value": "",
      "datatype": 8,
      "required": false,
      "maxvalue": null,
      "unit_id": null,
      "internal_name": "Other_SOS_2011_2",
      "minvalue": null
    }
  },
  {
    "pk": 379,
    "model": "core.field",
    "fields": {
      "default_value": "",
      "datatype": 8,
      "required": false,
      "maxvalue": null,
      "unit_id": null,
      "internal_name": "Other_SOS_2011_3",
      "minvalue": null
    }
  },
  {
    "pk": 380,
    "model": "core.field",
    "fields": {
      "default_value": "",
      "datatype": 8,
      "required": false,
      "maxvalue": null,
      "unit_id": null,
      "internal_name": "Other_SOS_2011_4",
      "minvalue": null
    }
  },
  {
    "pk": 381,
    "model": "core.field",
    "fields": {
      "default_value": "",
      "datatype": 8,
      "required": false,
      "maxvalue": null,
      "unit_id": null,
      "internal_name": "Other_SOS_2011_5",
      "minvalue": null
    }
  },
  {
    "pk": 382,
    "model": "core.field",
    "fields": {
      "default_value": "",
      "datatype": 8,
      "required": false,
      "maxvalue": null,
      "unit_id": null,
      "internal_name": "Other_SOS_2011_6",
      "minvalue": null
    }
  },
  {
    "pk": 383,
    "model": "core.field",
    "fields": {
      "default_value": "",
      "datatype": 8,
      "required": false,
      "maxvalue": null,
      "unit_id": null,
      "internal_name": "Other_SOS_2011_7",
      "minvalue": null
    }
  },
  {
    "pk": 384,
    "model": "core.field",
    "fields": {
      "default_value": "",
      "datatype": 8,
      "required": false,
      "maxvalue": null,
      "unit_id": null,
      "internal_name": "Other_SOS_2011_8",
      "minvalue": null
    }
  },
  {
    "pk": 385,
    "model": "core.field",
    "fields": {
      "default_value": "",
      "datatype": 8,
      "required": false,
      "maxvalue": null,
      "unit_id": null,
      "internal_name": "Other_SOS_2011_9",
      "minvalue": null
    }
  },
  {
    "pk": 395,
    "model": "core.field",
    "fields": {
      "default_value": "",
      "datatype": 8,
      "required": false,
      "maxvalue": null,
      "unit_id": null,
      "internal_name": "Other_SOS_2012_1",
      "minvalue": null
    }
  },
  {
    "pk": 404,
    "model": "core.field",
    "fields": {
      "default_value": "",
      "datatype": 8,
      "required": false,
      "maxvalue": null,
      "unit_id": null,
      "internal_name": "Other_SOS_2012_10",
      "minvalue": null
    }
  },
  {
    "pk": 405,
    "model": "core.field",
    "fields": {
      "default_value": "",
      "datatype": 8,
      "required": false,
      "maxvalue": null,
      "unit_id": null,
      "internal_name": "Other_SOS_2012_11",
      "minvalue": null
    }
  },
  {
    "pk": 406,
    "model": "core.field",
    "fields": {
      "default_value": "",
      "datatype": 8,
      "required": false,
      "maxvalue": null,
      "unit_id": null,
      "internal_name": "Other_SOS_2012_12",
      "minvalue": null
    }
  },
  {
    "pk": 407,
    "model": "core.field",
    "fields": {
      "default_value": "",
      "datatype": 8,
      "required": false,
      "maxvalue": null,
      "unit_id": null,
      "internal_name": "Other_SOS_2012_13",
      "minvalue": null
    }
  },
  {
    "pk": 408,
    "model": "core.field",
    "fields": {
      "default_value": "",
      "datatype": 8,
      "required": false,
      "maxvalue": null,
      "unit_id": null,
      "internal_name": "Other_SOS_2012_14",
      "minvalue": null
    }
  },
  {
    "pk": 409,
    "model": "core.field",
    "fields": {
      "default_value": "",
      "datatype": 8,
      "required": false,
      "maxvalue": null,
      "unit_id": null,
      "internal_name": "Other_SOS_2012_15",
      "minvalue": null
    }
  },
  {
    "pk": 410,
    "model": "core.field",
    "fields": {
      "default_value": "",
      "datatype": 8,
      "required": false,
      "maxvalue": null,
      "unit_id": null,
      "internal_name": "Other_SOS_2012_16",
      "minvalue": null
    }
  },
  {
    "pk": 411,
    "model": "core.field",
    "fields": {
      "default_value": "",
      "datatype": 8,
      "required": false,
      "maxvalue": null,
      "unit_id": null,
      "internal_name": "Other_SOS_2012_17",
      "minvalue": null
    }
  },
  {
    "pk": 412,
    "model": "core.field",
    "fields": {
      "default_value": "",
      "datatype": 8,
      "required": false,
      "maxvalue": null,
      "unit_id": null,
      "internal_name": "Other_SOS_2012_18",
      "minvalue": null
    }
  },
  {
    "pk": 413,
    "model": "core.field",
    "fields": {
      "default_value": "",
      "datatype": 8,
      "required": false,
      "maxvalue": null,
      "unit_id": null,
      "internal_name": "Other_SOS_2012_19",
      "minvalue": null
    }
  },
  {
    "pk": 396,
    "model": "core.field",
    "fields": {
      "default_value": "",
      "datatype": 8,
      "required": false,
      "maxvalue": null,
      "unit_id": null,
      "internal_name": "Other_SOS_2012_2",
      "minvalue": null
    }
  },
  {
    "pk": 414,
    "model": "core.field",
    "fields": {
      "default_value": "",
      "datatype": 8,
      "required": false,
      "maxvalue": null,
      "unit_id": null,
      "internal_name": "Other_SOS_2012_20",
      "minvalue": null
    }
  },
  {
    "pk": 415,
    "model": "core.field",
    "fields": {
      "default_value": "",
      "datatype": 8,
      "required": false,
      "maxvalue": null,
      "unit_id": null,
      "internal_name": "Other_SOS_2012_21",
      "minvalue": null
    }
  },
  {
    "pk": 416,
    "model": "core.field",
    "fields": {
      "default_value": "",
      "datatype": 8,
      "required": false,
      "maxvalue": null,
      "unit_id": null,
      "internal_name": "Other_SOS_2012_22",
      "minvalue": null
    }
  },
  {
    "pk": 417,
    "model": "core.field",
    "fields": {
      "default_value": "",
      "datatype": 8,
      "required": false,
      "maxvalue": null,
      "unit_id": null,
      "internal_name": "Other_SOS_2012_23",
      "minvalue": null
    }
  },
  {
    "pk": 418,
    "model": "core.field",
    "fields": {
      "default_value": "",
      "datatype": 8,
      "required": false,
      "maxvalue": null,
      "unit_id": null,
      "internal_name": "Other_SOS_2012_24",
      "minvalue": null
    }
  },
  {
    "pk": 419,
    "model": "core.field",
    "fields": {
      "default_value": "",
      "datatype": 8,
      "required": false,
      "maxvalue": null,
      "unit_id": null,
      "internal_name": "Other_SOS_2012_25",
      "minvalue": null
    }
  },
  {
    "pk": 397,
    "model": "core.field",
    "fields": {
      "default_value": "",
      "datatype": 8,
      "required": false,
      "maxvalue": null,
      "unit_id": null,
      "internal_name": "Other_SOS_2012_3",
      "minvalue": null
    }
  },
  {
    "pk": 398,
    "model": "core.field",
    "fields": {
      "default_value": "",
      "datatype": 8,
      "required": false,
      "maxvalue": null,
      "unit_id": null,
      "internal_name": "Other_SOS_2012_4",
      "minvalue": null
    }
  },
  {
    "pk": 399,
    "model": "core.field",
    "fields": {
      "default_value": "",
      "datatype": 8,
      "required": false,
      "maxvalue": null,
      "unit_id": null,
      "internal_name": "Other_SOS_2012_5",
      "minvalue": null
    }
  },
  {
    "pk": 400,
    "model": "core.field",
    "fields": {
      "default_value": "",
      "datatype": 8,
      "required": false,
      "maxvalue": null,
      "unit_id": null,
      "internal_name": "Other_SOS_2012_6",
      "minvalue": null
    }
  },
  {
    "pk": 401,
    "model": "core.field",
    "fields": {
      "default_value": "",
      "datatype": 8,
      "required": false,
      "maxvalue": null,
      "unit_id": null,
      "internal_name": "Other_SOS_2012_7",
      "minvalue": null
    }
  },
  {
    "pk": 402,
    "model": "core.field",
    "fields": {
      "default_value": "",
      "datatype": 8,
      "required": false,
      "maxvalue": null,
      "unit_id": null,
      "internal_name": "Other_SOS_2012_8",
      "minvalue": null
    }
  },
  {
    "pk": 403,
    "model": "core.field",
    "fields": {
      "default_value": "",
      "datatype": 8,
      "required": false,
      "maxvalue": null,
      "unit_id": null,
      "internal_name": "Other_SOS_2012_9",
      "minvalue": null
    }
  },
  {
    "pk": 420,
    "model": "core.field",
    "fields": {
      "default_value": "",
      "datatype": 8,
      "required": false,
      "maxvalue": null,
      "unit_id": null,
      "internal_name": "Other_SOS_datacard_1",
      "minvalue": null
    }
  },
  {
    "pk": 421,
    "model": "core.field",
    "fields": {
      "default_value": "",
      "datatype": 8,
      "required": false,
      "maxvalue": null,
      "unit_id": null,
      "internal_name": "Other_SOS_datacard_2",
      "minvalue": null
    }
  },
  {
    "pk": 422,
    "model": "core.field",
    "fields": {
      "default_value": "",
      "datatype": 8,
      "required": false,
      "maxvalue": null,
      "unit_id": null,
      "internal_name": "Other_SOS_datacard_3",
      "minvalue": null
    }
  },
  {
    "pk": 232,
    "model": "core.field",
    "fields": {
      "default_value": "0",
      "datatype": 7,
      "required": false,
      "maxvalue": null,
      "unit_id": null,
      "internal_name": "Paid_cleanup_crew",
      "minvalue": 0
    }
  },
  {
    "pk": 208,
    "model": "core.field",
    "fields": {
      "default_value": "0",
      "datatype": 7,
      "required": false,
      "maxvalue": null,
      "unit_id": null,
      "internal_name": "Pallets",
      "minvalue": 0
    }
  },
  {
    "pk": 141,
    "model": "core.field",
    "fields": {
      "default_value": "0",
      "datatype": 7,
      "required": false,
      "maxvalue": null,
      "unit_id": null,
      "internal_name": "Paper",
      "minvalue": 0
    }
  },
  {
    "pk": 142,
    "model": "core.field",
    "fields": {
      "default_value": "0",
      "datatype": 7,
      "required": false,
      "maxvalue": null,
      "unit_id": null,
      "internal_name": "Paper_bags",
      "minvalue": 0
    }
  },
  {
    "pk": 144,
    "model": "core.field",
    "fields": {
      "default_value": "0",
      "datatype": 7,
      "required": false,
      "maxvalue": null,
      "unit_id": null,
      "internal_name": "Paper_cardboard_newspaper_magazine",
      "minvalue": 0
    }
  },
  {
    "pk": 143,
    "model": "core.field",
    "fields": {
      "default_value": "0",
      "datatype": 7,
      "required": false,
      "maxvalue": null,
      "unit_id": null,
      "internal_name": "Paper_dishes_containers",
      "minvalue": 0
    }
  },
  {
    "pk": 145,
    "model": "core.field",
    "fields": {
      "default_value": "0",
      "datatype": 7,
      "required": false,
      "maxvalue": null,
      "unit_id": null,
      "internal_name": "Paper_pieces",
      "minvalue": 0
    }
  },
  {
    "pk": 179,
    "model": "core.field",
    "fields": {
      "default_value": "0",
      "datatype": 7,
      "required": false,
      "maxvalue": null,
      "unit_id": null,
      "internal_name": "Pet_waste",
      "minvalue": 0
    }
  },
  {
    "pk": 32,
    "model": "core.field",
    "fields": {
      "default_value": "",
      "datatype": 8,
      "required": false,
      "maxvalue": null,
      "unit_id": null,
      "internal_name": "Phone_participants_in_group",
      "minvalue": null
    }
  },
  {
    "pk": 54,
    "model": "core.field",
    "fields": {
      "default_value": "",
      "datatype": 8,
      "required": false,
      "maxvalue": null,
      "unit_id": null,
      "internal_name": "Planned_activities",
      "minvalue": null
    }
  },
  {
    "pk": 228,
    "model": "core.field",
    "fields": {
      "default_value": "0",
      "datatype": 7,
      "required": false,
      "maxvalue": null,
      "unit_id": null,
      "internal_name": "Plant_tree_cages_installed",
      "minvalue": 0
    }
  },
  {
    "pk": 121,
    "model": "core.field",
    "fields": {
      "default_value": "0",
      "datatype": 7,
      "required": false,
      "maxvalue": null,
      "unit_id": null,
      "internal_name": "Plastic_6_pack_rings",
      "minvalue": 0
    }
  },
  {
    "pk": 108,
    "model": "core.field",
    "fields": {
      "default_value": "0",
      "datatype": 7,
      "required": false,
      "maxvalue": null,
      "unit_id": null,
      "internal_name": "Plastic_bags",
      "minvalue": 0
    }
  },
  {
    "pk": 110,
    "model": "core.field",
    "fields": {
      "default_value": "0",
      "datatype": 7,
      "required": false,
      "maxvalue": null,
      "unit_id": null,
      "internal_name": "Plastic_bags_grocery_shopping",
      "minvalue": 0
    }
  },
  {
    "pk": 109,
    "model": "core.field",
    "fields": {
      "default_value": "0",
      "datatype": 7,
      "required": false,
      "maxvalue": null,
      "unit_id": null,
      "internal_name": "Plastic_bags_grocery_shopping_trash",
      "minvalue": 0
    }
  },
  {
    "pk": 111,
    "model": "core.field",
    "fields": {
      "default_value": "0",
      "datatype": 7,
      "required": false,
      "maxvalue": null,
      "unit_id": null,
      "internal_name": "Plastic_bags_trash",
      "minvalue": 0
    }
  },
  {
    "pk": 112,
    "model": "core.field",
    "fields": {
      "default_value": "0",
      "datatype": 7,
      "required": false,
      "maxvalue": null,
      "unit_id": null,
      "internal_name": "Plastic_bags_ziplock_snack",
      "minvalue": 0
    }
  },
  {
    "pk": 127,
    "model": "core.field",
    "fields": {
      "default_value": "0",
      "datatype": 7,
      "required": false,
      "maxvalue": null,
      "unit_id": null,
      "internal_name": "Plastic_balloons_ribbons",
      "minvalue": 0
    }
  },
  {
    "pk": 120,
    "model": "core.field",
    "fields": {
      "default_value": "0",
      "datatype": 7,
      "required": false,
      "maxvalue": null,
      "unit_id": null,
      "internal_name": "Plastic_bottle_caps_rings",
      "minvalue": 0
    }
  },
  {
    "pk": 114,
    "model": "core.field",
    "fields": {
      "default_value": "0",
      "datatype": 7,
      "required": false,
      "maxvalue": null,
      "unit_id": null,
      "internal_name": "Plastic_bottles",
      "minvalue": 0
    }
  },
  {
    "pk": 116,
    "model": "core.field",
    "fields": {
      "default_value": "0",
      "datatype": 7,
      "required": false,
      "maxvalue": null,
      "unit_id": null,
      "internal_name": "Plastic_caps_lids",
      "minvalue": 0
    }
  },
  {
    "pk": 115,
    "model": "core.field",
    "fields": {
      "default_value": "0",
      "datatype": 7,
      "required": false,
      "maxvalue": null,
      "unit_id": null,
      "internal_name": "Plastic_cups_utensils",
      "minvalue": 0
    }
  },
  {
    "pk": 117,
    "model": "core.field",
    "fields": {
      "default_value": "0",
      "datatype": 7,
      "required": false,
      "maxvalue": null,
      "unit_id": null,
      "internal_name": "Plastic_eating_items",
      "minvalue": 0
    }
  },
  {
    "pk": 124,
    "model": "core.field",
    "fields": {
      "default_value": "0",
      "datatype": 7,
      "required": false,
      "maxvalue": null,
      "unit_id": null,
      "internal_name": "Plastic_fishing_line",
      "minvalue": 0
    }
  },
  {
    "pk": 122,
    "model": "core.field",
    "fields": {
      "default_value": "0",
      "datatype": 7,
      "required": false,
      "maxvalue": null,
      "unit_id": null,
      "internal_name": "Plastic_fishing_line_nets_lures_floats",
      "minvalue": 0
    }
  },
  {
    "pk": 123,
    "model": "core.field",
    "fields": {
      "default_value": "0",
      "datatype": 7,
      "required": false,
      "maxvalue": null,
      "unit_id": null,
      "internal_name": "Plastic_fishing_lures_light_sticks",
      "minvalue": 0
    }
  },
  {
    "pk": 113,
    "model": "core.field",
    "fields": {
      "default_value": "0",
      "datatype": 7,
      "required": false,
      "maxvalue": null,
      "unit_id": null,
      "internal_name": "Plastic_food_wrappers",
      "minvalue": 0
    }
  },
  {
    "pk": 131,
    "model": "core.field",
    "fields": {
      "default_value": "0",
      "datatype": 7,
      "required": false,
      "maxvalue": null,
      "unit_id": null,
      "internal_name": "Plastic_hard_pieces",
      "minvalue": 0
    }
  },
  {
    "pk": 118,
    "model": "core.field",
    "fields": {
      "default_value": "0",
      "datatype": 7,
      "required": false,
      "maxvalue": null,
      "unit_id": null,
      "internal_name": "Plastic_lids_straws",
      "minvalue": 0
    }
  },
  {
    "pk": 126,
    "model": "core.field",
    "fields": {
      "default_value": "0",
      "datatype": 7,
      "required": false,
      "maxvalue": null,
      "unit_id": null,
      "internal_name": "Plastic_oil_bottles",
      "minvalue": 0
    }
  },
  {
    "pk": 132,
    "model": "core.field",
    "fields": {
      "default_value": "0",
      "datatype": 7,
      "required": false,
      "maxvalue": null,
      "unit_id": null,
      "internal_name": "Plastic_pieces",
      "minvalue": 0
    }
  },
  {
    "pk": 129,
    "model": "core.field",
    "fields": {
      "default_value": "0",
      "datatype": 7,
      "required": false,
      "maxvalue": null,
      "unit_id": null,
      "internal_name": "Plastic_pipe",
      "minvalue": 0
    }
  },
  {
    "pk": 107,
    "model": "core.field",
    "fields": {
      "default_value": "0",
      "datatype": 7,
      "required": false,
      "maxvalue": null,
      "unit_id": null,
      "internal_name": "Plastics",
      "minvalue": 0
    }
  },
  {
    "pk": 130,
    "model": "core.field",
    "fields": {
      "default_value": "0",
      "datatype": 7,
      "required": false,
      "maxvalue": null,
      "unit_id": null,
      "internal_name": "Plastic_soft_pieces",
      "minvalue": 0
    }
  },
  {
    "pk": 125,
    "model": "core.field",
    "fields": {
      "default_value": "0",
      "datatype": 7,
      "required": false,
      "maxvalue": null,
      "unit_id": null,
      "internal_name": "Plastic_strapping_bands",
      "minvalue": 0
    }
  },
  {
    "pk": 119,
    "model": "core.field",
    "fields": {
      "default_value": "0",
      "datatype": 7,
      "required": false,
      "maxvalue": null,
      "unit_id": null,
      "internal_name": "Plastic_straws_stirrers",
      "minvalue": 0
    }
  },
  {
    "pk": 128,
    "model": "core.field",
    "fields": {
      "default_value": "0",
      "datatype": 7,
      "required": false,
      "maxvalue": null,
      "unit_id": null,
      "internal_name": "Plastic_tarps_sheeting",
      "minvalue": 0
    }
  },
  {
    "pk": 94,
    "model": "core.field",
    "fields": {
      "default_value": "0",
      "datatype": 10,
      "required": false,
      "maxvalue": null,
      "unit_id": 2,
      "internal_name": "Pounds_green",
      "minvalue": 0
    }
  },
  {
    "pk": 93,
    "model": "core.field",
    "fields": {
      "default_value": "0",
      "datatype": 10,
      "required": false,
      "maxvalue": null,
      "unit_id": 2,
      "internal_name": "Pounds_recyclables",
      "minvalue": 0
    }
  },
  {
    "pk": 218,
    "model": "core.field",
    "fields": {
      "default_value": "0",
      "datatype": 7,
      "required": false,
      "maxvalue": null,
      "unit_id": 2,
      "internal_name": "Pounds_Tires",
      "minvalue": 0
    }
  },
  {
    "pk": 92,
    "model": "core.field",
    "fields": {
      "default_value": "0",
      "datatype": 10,
      "required": false,
      "maxvalue": null,
      "unit_id": 2,
      "internal_name": "Pounds_trash",
      "minvalue": 0
    }
  },
  {
    "pk": 95,
    "model": "core.field",
    "fields": {
      "default_value": "0",
      "datatype": 10,
      "required": false,
      "maxvalue": null,
      "unit_id": 2,
      "internal_name": "Pounds_trash_beach",
      "minvalue": 0
    }
  },
  {
    "pk": 96,
    "model": "core.field",
    "fields": {
      "default_value": "0",
      "datatype": 10,
      "required": false,
      "maxvalue": null,
      "unit_id": 2,
      "internal_name": "Pounds_trash_underwater",
      "minvalue": 0
    }
  },
  {
    "pk": 97,
    "model": "core.field",
    "fields": {
      "default_value": "0",
      "datatype": 10,
      "required": false,
      "maxvalue": null,
      "unit_id": 2,
      "internal_name": "Pounds_trash_watercraft",
      "minvalue": 0
    }
  },
  {
    "pk": 235,
    "model": "core.field",
    "fields": {
      "default_value": "",
      "datatype": 2,
      "required": false,
      "maxvalue": null,
      "unit_id": null,
      "internal_name": "Priority_site",
      "minvalue": null
    }
  },
  {
    "pk": 51,
    "model": "core.field",
    "fields": {
      "default_value": "",
      "datatype": 8,
      "required": false,
      "maxvalue": null,
      "unit_id": null,
      "internal_name": "Program_name",
      "minvalue": null
    }
  },
  {
    "pk": 205,
    "model": "core.field",
    "fields": {
      "default_value": "0",
      "datatype": 7,
      "required": false,
      "maxvalue": null,
      "unit_id": null,
      "internal_name": "Rebar",
      "minvalue": 0
    }
  },
  {
    "pk": 173,
    "model": "core.field",
    "fields": {
      "default_value": "0",
      "datatype": 7,
      "required": false,
      "maxvalue": null,
      "unit_id": null,
      "internal_name": "Sanitary_items",
      "minvalue": 0
    }
  },
  {
    "pk": 84,
    "model": "core.field",
    "fields": {
      "default_value": "",
      "datatype": 8,
      "required": false,
      "maxvalue": null,
      "unit_id": null,
      "internal_name": "School_service_learning_project",
      "minvalue": null
    }
  },
  {
    "pk": 220,
    "model": "core.field",
    "fields": {
      "default_value": "0",
      "datatype": 7,
      "required": false,
      "maxvalue": null,
      "unit_id": null,
      "internal_name": "Shipping_crates",
      "minvalue": 0
    }
  },
  {
    "pk": 193,
    "model": "core.field",
    "fields": {
      "default_value": "0",
      "datatype": 7,
      "required": false,
      "maxvalue": null,
      "unit_id": null,
      "internal_name": "Shoes",
      "minvalue": 0
    }
  },
  {
    "pk": 212,
    "model": "core.field",
    "fields": {
      "default_value": "0",
      "datatype": 7,
      "required": false,
      "maxvalue": null,
      "unit_id": null,
      "internal_name": "Shopping_carts",
      "minvalue": 0
    }
  },
  {
    "pk": 55,
    "model": "core.field",
    "fields": {
      "default_value": "",
      "datatype": 8,
      "required": false,
      "maxvalue": null,
      "unit_id": null,
      "internal_name": "Site_description",
      "minvalue": null
    }
  },
  {
    "pk": 44,
    "model": "core.field",
    "fields": {
      "default_value": "",
      "datatype": 8,
      "required": false,
      "maxvalue": null,
      "unit_id": null,
      "internal_name": "Site_path_country_state_county",
      "minvalue": null
    }
  },
  {
    "pk": 56,
    "model": "core.field",
    "fields": {
      "default_value": "",
      "datatype": 8,
      "required": false,
      "maxvalue": null,
      "unit_id": null,
      "internal_name": "Site_type",
      "minvalue": null
    }
  },
  {
    "pk": 186,
    "model": "core.field",
    "fields": {
      "default_value": "0",
      "datatype": 7,
      "required": false,
      "maxvalue": null,
      "unit_id": null,
      "internal_name": "Small_batteries",
      "minvalue": 0
    }
  },
  {
    "pk": 447,
    "model": "core.field",
    "fields": {
      "default_value": "",
      "datatype": 2,
      "required": false,
      "maxvalue": null,
      "unit_id": null,
      "internal_name": "Spanish_Translation_Available",
      "minvalue": null
    }
  },
  {
    "pk": 185,
    "model": "core.field",
    "fields": {
      "default_value": "0",
      "datatype": 7,
      "required": false,
      "maxvalue": null,
      "unit_id": null,
      "internal_name": "Spray_paint_cans",
      "minvalue": 0
    }
  },
  {
    "pk": 231,
    "model": "core.field",
    "fields": {
      "default_value": "0",
      "datatype": 7,
      "required": false,
      "maxvalue": null,
      "unit_id": null,
      "internal_name": "Staking_performed",
      "minvalue": 0
    }
  },
  {
    "pk": 13,
    "model": "core.field",
    "fields": {
      "default_value": "",
      "datatype": 3,
      "required": false,
      "maxvalue": null,
      "unit_id": null,
      "internal_name": "Start_time",
      "minvalue": null
    }
  },
  {
    "pk": 41,
    "model": "core.field",
    "fields": {
      "default_value": "",
      "datatype": 8,
      "required": false,
      "maxvalue": null,
      "unit_id": null,
      "internal_name": "State",
      "minvalue": null
    }
  },
  {
    "pk": 30,
    "model": "core.field",
    "fields": {
      "default_value": "",
      "datatype": 8,
      "required": false,
      "maxvalue": null,
      "unit_id": null,
      "internal_name": "State_participants_in_group",
      "minvalue": null
    }
  },
  {
    "pk": 61,
    "model": "core.field",
    "fields": {
      "default_value": "",
      "datatype": 8,
      "required": false,
      "maxvalue": null,
      "unit_id": null,
      "internal_name": "Status",
      "minvalue": null
    }
  },
  {
    "pk": 62,
    "model": "core.field",
    "fields": {
      "default_value": "",
      "datatype": 8,
      "required": false,
      "maxvalue": null,
      "unit_id": null,
      "internal_name": "Status_notes",
      "minvalue": null
    }
  },
  {
    "pk": 230,
    "model": "core.field",
    "fields": {
      "default_value": "0",
      "datatype": 7,
      "required": false,
      "maxvalue": null,
      "unit_id": null,
      "internal_name": "Storm_drain_marking",
      "minvalue": 0
    }
  },
  {
    "pk": 234,
    "model": "core.field",
    "fields": {
      "default_value": "0",
      "datatype": 7,
      "required": false,
      "maxvalue": null,
      "unit_id": null,
      "internal_name": "Stream_bio_engineering",
      "minvalue": 0
    }
  },
  {
    "pk": 137,
    "model": "core.field",
    "fields": {
      "default_value": "0",
      "datatype": 7,
      "required": false,
      "maxvalue": null,
      "unit_id": null,
      "internal_name": "Styrofoam_buoys_floats",
      "minvalue": 0
    }
  },
  {
    "pk": 135,
    "model": "core.field",
    "fields": {
      "default_value": "0",
      "datatype": 7,
      "required": false,
      "maxvalue": null,
      "unit_id": null,
      "internal_name": "Styrofoam_dishes",
      "minvalue": 0
    }
  },
  {
    "pk": 134,
    "model": "core.field",
    "fields": {
      "default_value": "0",
      "datatype": 7,
      "required": false,
      "maxvalue": null,
      "unit_id": null,
      "internal_name": "Styrofoam_food_containers",
      "minvalue": 0
    }
  },
  {
    "pk": 133,
    "model": "core.field",
    "fields": {
      "default_value": "0",
      "datatype": 7,
      "required": false,
      "maxvalue": null,
      "unit_id": null,
      "internal_name": "Styrofoam_food_containers_dishes",
      "minvalue": 0
    }
  },
  {
    "pk": 138,
    "model": "core.field",
    "fields": {
      "default_value": "0",
      "datatype": 7,
      "required": false,
      "maxvalue": null,
      "unit_id": null,
      "internal_name": "Styrofoam_packaging",
      "minvalue": 0
    }
  },
  {
    "pk": 136,
    "model": "core.field",
    "fields": {
      "default_value": "0",
      "datatype": 7,
      "required": false,
      "maxvalue": null,
      "unit_id": null,
      "internal_name": "Styrofoam_pieces",
      "minvalue": 0
    }
  },
  {
    "pk": 52,
    "model": "core.field",
    "fields": {
      "default_value": "",
      "datatype": 8,
      "required": false,
      "maxvalue": null,
      "unit_id": null,
      "internal_name": "SubProgram_name",
      "minvalue": null
    }
  },
  {
    "pk": 195,
    "model": "core.field",
    "fields": {
      "default_value": "0",
      "datatype": 7,
      "required": false,
      "maxvalue": null,
      "unit_id": null,
      "internal_name": "Synthetic_fabric",
      "minvalue": 0
    }
  },
  {
    "pk": 200,
    "model": "core.field",
    "fields": {
      "default_value": "0",
      "datatype": 7,
      "required": false,
      "maxvalue": null,
      "unit_id": null,
      "internal_name": "Synthetic_rubber",
      "minvalue": 0
    }
  },
  {
    "pk": 174,
    "model": "core.field",
    "fields": {
      "default_value": "0",
      "datatype": 7,
      "required": false,
      "maxvalue": null,
      "unit_id": null,
      "internal_name": "Syringes",
      "minvalue": 0
    }
  },
  {
    "pk": 191,
    "model": "core.field",
    "fields": {
      "default_value": "0",
      "datatype": 7,
      "required": false,
      "maxvalue": null,
      "unit_id": null,
      "internal_name": "Tennis_balls",
      "minvalue": 0
    }
  },
  {
    "pk": 338,
    "model": "core.field",
    "fields": {
      "default_value": "0",
      "datatype": 7,
      "required": false,
      "maxvalue": null,
      "unit_id": 10,
      "internal_name": "Total_kilograms_collected",
      "minvalue": 0
    }
  },
  {
    "pk": 102,
    "model": "core.field",
    "fields": {
      "default_value": "0",
      "datatype": 7,
      "required": false,
      "maxvalue": null,
      "unit_id": null,
      "internal_name": "Total_pounds_collected",
      "minvalue": 0
    }
  },
  {
    "pk": 244,
    "model": "core.field",
    "fields": {
      "default_value": "0",
      "datatype": 7,
      "required": false,
      "maxvalue": null,
      "unit_id": 6,
      "internal_name": "Total_Score_Percentage",
      "minvalue": 0
    }
  },
  {
    "pk": 243,
    "model": "core.field",
    "fields": {
      "default_value": "0",
      "datatype": 7,
      "required": false,
      "maxvalue": null,
      "unit_id": null,
      "internal_name": "Total_Score_Value",
      "minvalue": 0
    }
  },
  {
    "pk": 339,
    "model": "core.field",
    "fields": {
      "default_value": "0",
      "datatype": 7,
      "required": false,
      "maxvalue": null,
      "unit_id": null,
      "internal_name": "Total_trash_items",
      "minvalue": 0
    }
  },
  {
    "pk": 82,
    "model": "core.field",
    "fields": {
      "default_value": "0",
      "datatype": 7,
      "required": false,
      "maxvalue": null,
      "unit_id": null,
      "internal_name": "Total_Volunteers",
      "minvalue": 0
    }
  },
  {
    "pk": 180,
    "model": "core.field",
    "fields": {
      "default_value": "0",
      "datatype": 7,
      "required": false,
      "maxvalue": null,
      "unit_id": null,
      "internal_name": "Toxic",
      "minvalue": 0
    }
  },
  {
    "pk": 192,
    "model": "core.field",
    "fields": {
      "default_value": "0",
      "datatype": 7,
      "required": false,
      "maxvalue": null,
      "unit_id": null,
      "internal_name": "Toys",
      "minvalue": 0
    }
  },
  {
    "pk": 88,
    "model": "core.field",
    "fields": {
      "default_value": "0",
      "datatype": 7,
      "required": false,
      "maxvalue": null,
      "unit_id": null,
      "internal_name": "Trash_items_scores_aquatic_life_threat",
      "minvalue": 0
    }
  },
  {
    "pk": 89,
    "model": "core.field",
    "fields": {
      "default_value": "0",
      "datatype": 7,
      "required": false,
      "maxvalue": null,
      "unit_id": null,
      "internal_name": "Trash_items_scores_human_health_threat",
      "minvalue": 0
    }
  },
  {
    "pk": 90,
    "model": "core.field",
    "fields": {
      "default_value": "0",
      "datatype": 7,
      "required": false,
      "maxvalue": null,
      "unit_id": null,
      "internal_name": "Trash_items_scores_illegal_dumping",
      "minvalue": 0
    }
  },
  {
    "pk": 86,
    "model": "core.field",
    "fields": {
      "default_value": "0",
      "datatype": 7,
      "required": false,
      "maxvalue": null,
      "unit_id": null,
      "internal_name": "Trash_items_scores_level_trash",
      "minvalue": 0
    }
  },
  {
    "pk": 87,
    "model": "core.field",
    "fields": {
      "default_value": "0",
      "datatype": 7,
      "required": false,
      "maxvalue": null,
      "unit_id": null,
      "internal_name": "Trash_items_scores_number_trash_items",
      "minvalue": 0
    }
  },
  {
    "pk": 91,
    "model": "core.field",
    "fields": {
      "default_value": "0",
      "datatype": 7,
      "required": false,
      "maxvalue": null,
      "unit_id": null,
      "internal_name": "Trash_items_scores_trash_accumulation",
      "minvalue": 0
    }
  },
  {
    "pk": 83,
    "model": "core.field",
    "fields": {
      "default_value": "0",
      "datatype": 7,
      "required": false,
      "maxvalue": null,
      "unit_id": null,
      "internal_name": "Volunteer_hours",
      "minvalue": 0
    }
  },
  {
    "pk": 241,
    "model": "core.field",
    "fields": {
      "default_value": "",
      "datatype": 3,
      "required": false,
      "maxvalue": null,
      "unit_id": null,
      "internal_name": "Waiver_recieved",
      "minvalue": null
    }
  },
  {
    "pk": 59,
    "model": "core.field",
    "fields": {
      "default_value": "",
      "datatype": 8,
      "required": false,
      "maxvalue": null,
      "unit_id": null,
      "internal_name": "Watershed_ID",
      "minvalue": null
    }
  },
  {
    "pk": 229,
    "model": "core.field",
    "fields": {
      "default_value": "0",
      "datatype": 7,
      "required": false,
      "maxvalue": null,
      "unit_id": null,
      "internal_name": "Weeding_around_plants_trees",
      "minvalue": 0
    }
  },
  {
    "pk": 207,
    "model": "core.field",
    "fields": {
      "default_value": "0",
      "datatype": 7,
      "required": false,
      "maxvalue": null,
      "unit_id": null,
      "internal_name": "Wood_debris",
      "minvalue": 0
    }
  },
  {
    "pk": 223,
    "model": "core.field",
    "fields": {
      "default_value": "0",
      "datatype": 7,
      "required": false,
      "maxvalue": null,
      "unit_id": null,
      "internal_name": "Yard_waste",
      "minvalue": 0
    }
  },
  {
    "pk": 9,
    "model": "core.field",
    "fields": {
      "default_value": "",
      "datatype": 3,
      "required": false,
      "maxvalue": null,
      "unit_id": null,
      "internal_name": "Year",
      "minvalue": null
    }
  },
  {
    "pk": 43,
    "model": "core.field",
    "fields": {
      "default_value": "",
      "datatype": 8,
      "required": false,
      "maxvalue": null,
      "unit_id": null,
      "internal_name": "Zipcode",
      "minvalue": null
    }
  },
  {
    "pk": 31,
    "model": "core.field",
    "fields": {
      "default_value": "",
      "datatype": 8,
      "required": false,
      "maxvalue": null,
      "unit_id": null,
      "internal_name": "Zipcode_participants_in_group",
      "minvalue": null
    }
  },
  {
    "pk": 50,
    "model": "core.field",
    "fields": {
      "default_value": "",
      "datatype": 8,
      "required": false,
      "maxvalue": null,
      "unit_id": null,
      "internal_name": "Zone_cleaned",
      "minvalue": null
    }
  },
  {
    "pk": 2,
    "model": "core.eventtype",
    "fields": {
      "type": "Derelict Gear Report",
      "display_sites": true
    }
  },
  {
    "pk": 3,
    "model": "core.eventtype",
    "fields": {
      "type": "Monitoring Survey",
      "display_sites": true
    }
  },
  {
    "pk": 1,
    "model": "core.eventtype",
    "fields": {
      "type": "Site Cleanup",
      "display_sites": true
    }
  },
  {
    "pk": 18,
    "model": "core.datasheet",
    "fields": {
      "sheetname": "Coast Savers Cleanup Data",
      "year_started": 2012,
      "created_by": 7,
      "type_id": null
    }
  },
  {
    "pk": 19,
    "model": "core.datasheet",
    "fields": {
      "sheetname": "Northwest Straights Derelict Gear Data",
      "year_started": 9999,
      "created_by": 8,
      "type_id": null
    }
  },
  {
    "pk": 1096,
    "model": "core.datasheetfield",
    "fields": {
      "print_name": "County",
      "required": true,
      "field_id": 39,
      "unit_id": null,
      "answer_options": [],
      "sheet_id": 18,
      "field_name": "County",
      "grouping": null
    }
  },
  {
    "pk": 1095,
    "model": "core.datasheetfield",
    "fields": {
      "print_name": "State",
      "required": true,
      "field_id": 41,
      "unit_id": null,
      "answer_options": [],
      "sheet_id": 18,
      "field_name": "State",
      "grouping": null
    }
  },
  {
    "pk": 814,
    "model": "core.datasheetfield",
    "fields": {
      "print_name": "",
      "required": false,
      "field_id": 293,
      "unit_id": null,
      "answer_options": [],
      "sheet_id": 19,
      "field_name": "Age",
      "grouping": 12
    }
  },
  {
    "pk": 737,
    "model": "core.datasheetfield",
    "fields": {
      "print_name": "",
      "required": false,
      "field_id": 8,
      "unit_id": null,
      "answer_options": [],
      "sheet_id": 18,
      "field_name": "Cleanup Site",
      "grouping": 7
    }
  },
  {
    "pk": 987,
    "model": "core.datasheetfield",
    "fields": {
      "print_name": "",
      "required": false,
      "field_id": 10,
      "unit_id": null,
      "answer_options": [],
      "sheet_id": 18,
      "field_name": "Created Date",
      "grouping": 7
    }
  },
  {
    "pk": 818,
    "model": "core.datasheetfield",
    "fields": {
      "print_name": "",
      "required": false,
      "field_id": 298,
      "unit_id": null,
      "answer_options": [],
      "sheet_id": 19,
      "field_name": "Date Found",
      "grouping": 7
    }
  },
  {
    "pk": 797,
    "model": "core.datasheetfield",
    "fields": {
      "print_name": "",
      "required": false,
      "field_id": 258,
      "unit_id": null,
      "answer_options": [],
      "sheet_id": 19,
      "field_name": "Date Reported",
      "grouping": 7
    }
  },
  {
    "pk": 808,
    "model": "core.datasheetfield",
    "fields": {
      "print_name": "",
      "required": false,
      "field_id": 284,
      "unit_id": 7,
      "answer_options": [],
      "sheet_id": 19,
      "field_name": "DG_Area (sq ft)",
      "grouping": 12
    }
  },
  {
    "pk": 795,
    "model": "core.datasheetfield",
    "fields": {
      "print_name": "",
      "required": false,
      "field_id": 255,
      "unit_id": null,
      "answer_options": [],
      "sheet_id": 19,
      "field_name": "Disposition",
      "grouping": 7
    }
  },
  {
    "pk": 739,
    "model": "core.datasheetfield",
    "fields": {
      "print_name": "",
      "required": false,
      "field_id": 67,
      "unit_id": 4,
      "answer_options": [],
      "sheet_id": 18,
      "field_name": "Distance Cleaned",
      "grouping": 7
    }
  },
  {
    "pk": 787,
    "model": "core.datasheetfield",
    "fields": {
      "print_name": "",
      "required": false,
      "field_id": 221,
      "unit_id": null,
      "answer_options": [],
      "sheet_id": 18,
      "field_name": "Dump: 55-Gal. Drums",
      "grouping": 6
    }
  },
  {
    "pk": 783,
    "model": "core.datasheetfield",
    "fields": {
      "print_name": "",
      "required": false,
      "field_id": 213,
      "unit_id": null,
      "answer_options": [],
      "sheet_id": 18,
      "field_name": "Dump: Appliances",
      "grouping": 6
    }
  },
  {
    "pk": 774,
    "model": "core.datasheetfield",
    "fields": {
      "print_name": "",
      "required": false,
      "field_id": 186,
      "unit_id": null,
      "answer_options": [],
      "sheet_id": 18,
      "field_name": "Dump: Batteries",
      "grouping": 6
    }
  },
  {
    "pk": 780,
    "model": "core.datasheetfield",
    "fields": {
      "print_name": "",
      "required": false,
      "field_id": 203,
      "unit_id": null,
      "answer_options": [],
      "sheet_id": 18,
      "field_name": "Dump: Building Materials",
      "grouping": 6
    }
  },
  {
    "pk": 784,
    "model": "core.datasheetfield",
    "fields": {
      "print_name": "",
      "required": false,
      "field_id": 214,
      "unit_id": null,
      "answer_options": [],
      "sheet_id": 18,
      "field_name": "Dump: Cars, Parts",
      "grouping": 6
    }
  },
  {
    "pk": 785,
    "model": "core.datasheetfield",
    "fields": {
      "print_name": "",
      "required": false,
      "field_id": 217,
      "unit_id": null,
      "answer_options": [],
      "sheet_id": 18,
      "field_name": "Dump: Tires",
      "grouping": 6
    }
  },
  {
    "pk": 829,
    "model": "core.datasheetfield",
    "fields": {
      "print_name": "",
      "required": false,
      "field_id": 331,
      "unit_id": null,
      "answer_options": [],
      "sheet_id": 19,
      "field_name": "Escape Cord Intact",
      "grouping": 12
    }
  },
  {
    "pk": 828,
    "model": "core.datasheetfield",
    "fields": {
      "print_name": "",
      "required": false,
      "field_id": 330,
      "unit_id": null,
      "answer_options": [],
      "sheet_id": 19,
      "field_name": "Escape Cord Used",
      "grouping": 12
    }
  },
  {
    "pk": 820,
    "model": "core.datasheetfield",
    "fields": {
      "print_name": "",
      "required": false,
      "field_id": 300,
      "unit_id": null,
      "answer_options": [],
      "sheet_id": 19,
      "field_name": "Est Water Depth",
      "grouping": 12
    }
  },
  {
    "pk": 827,
    "model": "core.datasheetfield",
    "fields": {
      "print_name": "",
      "required": false,
      "field_id": 329,
      "unit_id": null,
      "answer_options": [],
      "sheet_id": 19,
      "field_name": "Fishable",
      "grouping": 12
    }
  },
  {
    "pk": 826,
    "model": "core.datasheetfield",
    "fields": {
      "print_name": "",
      "required": false,
      "field_id": 306,
      "unit_id": null,
      "answer_options": [],
      "sheet_id": 19,
      "field_name": "Fishery",
      "grouping": 12
    }
  },
  {
    "pk": 815,
    "model": "core.datasheetfield",
    "fields": {
      "print_name": "",
      "required": false,
      "field_id": 295,
      "unit_id": null,
      "answer_options": [],
      "sheet_id": 19,
      "field_name": "Gear Condition",
      "grouping": 12
    }
  },
  {
    "pk": 792,
    "model": "core.datasheetfield",
    "fields": {
      "print_name": "",
      "required": false,
      "field_id": 250,
      "unit_id": null,
      "answer_options": [],
      "sheet_id": 19,
      "field_name": "Gear Id",
      "grouping": 7
    }
  },
  {
    "pk": 793,
    "model": "core.datasheetfield",
    "fields": {
      "print_name": "",
      "required": false,
      "field_id": 253,
      "unit_id": null,
      "answer_options": [],
      "sheet_id": 19,
      "field_name": "Gear Type",
      "grouping": 7
    }
  },
  {
    "pk": 740,
    "model": "core.datasheetfield",
    "fields": {
      "print_name": "",
      "required": false,
      "field_id": 82,
      "unit_id": null,
      "answer_options": [],
      "sheet_id": 18,
      "field_name": "Group Size",
      "grouping": 7
    }
  },
  {
    "pk": 812,
    "model": "core.datasheetfield",
    "fields": {
      "print_name": "",
      "required": false,
      "field_id": 289,
      "unit_id": null,
      "answer_options": [],
      "sheet_id": 19,
      "field_name": "Habitat Type",
      "grouping": 7
    }
  },
  {
    "pk": 819,
    "model": "core.datasheetfield",
    "fields": {
      "print_name": "",
      "required": false,
      "field_id": 299,
      "unit_id": null,
      "answer_options": [],
      "sheet_id": 19,
      "field_name": "How Found",
      "grouping": 7
    }
  },
  {
    "pk": 824,
    "model": "core.datasheetfield",
    "fields": {
      "print_name": "",
      "required": false,
      "field_id": 304,
      "unit_id": null,
      "answer_options": [],
      "sheet_id": 19,
      "field_name": "Investigated Desc",
      "grouping": 12
    }
  },
  {
    "pk": 803,
    "model": "core.datasheetfield",
    "fields": {
      "print_name": "",
      "required": false,
      "field_id": 267,
      "unit_id": 11,
      "answer_options": [],
      "sheet_id": 19,
      "field_name": "Latitude (DD MM.MM)",
      "grouping": 7
    }
  },
  {
    "pk": 805,
    "model": "core.datasheetfield",
    "fields": {
      "print_name": "",
      "required": false,
      "field_id": 279,
      "unit_id": null,
      "answer_options": [],
      "sheet_id": 19,
      "field_name": "Lat/Long Reliability",
      "grouping": 7
    }
  },
  {
    "pk": 806,
    "model": "core.datasheetfield",
    "fields": {
      "print_name": "",
      "required": false,
      "field_id": 282,
      "unit_id": 9,
      "answer_options": [],
      "sheet_id": 19,
      "field_name": "Length (ft)",
      "grouping": 12
    }
  },
  {
    "pk": 816,
    "model": "core.datasheetfield",
    "fields": {
      "print_name": "",
      "required": false,
      "field_id": 296,
      "unit_id": null,
      "answer_options": [],
      "sheet_id": 19,
      "field_name": "Lethal",
      "grouping": 12
    }
  },
  {
    "pk": 981,
    "model": "core.datasheetfield",
    "fields": {
      "print_name": "",
      "required": false,
      "field_id": 438,
      "unit_id": null,
      "answer_options": [],
      "sheet_id": 18,
      "field_name": "Local Concern1",
      "grouping": 6
    }
  },
  {
    "pk": 982,
    "model": "core.datasheetfield",
    "fields": {
      "print_name": "",
      "required": false,
      "field_id": 439,
      "unit_id": null,
      "answer_options": [],
      "sheet_id": 18,
      "field_name": "Local Concern1 Qty",
      "grouping": 6
    }
  },
  {
    "pk": 983,
    "model": "core.datasheetfield",
    "fields": {
      "print_name": "",
      "required": false,
      "field_id": 440,
      "unit_id": null,
      "answer_options": [],
      "sheet_id": 18,
      "field_name": "Local Concern2",
      "grouping": 6
    }
  },
  {
    "pk": 984,
    "model": "core.datasheetfield",
    "fields": {
      "print_name": "",
      "required": false,
      "field_id": 441,
      "unit_id": null,
      "answer_options": [],
      "sheet_id": 18,
      "field_name": "Local Concern2 Qty",
      "grouping": 6
    }
  },
  {
    "pk": 985,
    "model": "core.datasheetfield",
    "fields": {
      "print_name": "",
      "required": false,
      "field_id": 442,
      "unit_id": null,
      "answer_options": [],
      "sheet_id": 18,
      "field_name": "Local Concern3",
      "grouping": 6
    }
  },
  {
    "pk": 986,
    "model": "core.datasheetfield",
    "fields": {
      "print_name": "",
      "required": false,
      "field_id": 443,
      "unit_id": null,
      "answer_options": [],
      "sheet_id": 18,
      "field_name": "Local Concern3 Qty",
      "grouping": 6
    }
  },
  {
    "pk": 804,
    "model": "core.datasheetfield",
    "fields": {
      "print_name": "",
      "required": false,
      "field_id": 268,
      "unit_id": 11,
      "answer_options": [],
      "sheet_id": 19,
      "field_name": "Longitude (DD MM.MM)",
      "grouping": 7
    }
  },
  {
    "pk": 810,
    "model": "core.datasheetfield",
    "fields": {
      "print_name": "",
      "required": false,
      "field_id": 287,
      "unit_id": 9,
      "answer_options": [],
      "sheet_id": 19,
      "field_name": "Max Depth (ft)",
      "grouping": 12
    }
  },
  {
    "pk": 811,
    "model": "core.datasheetfield",
    "fields": {
      "print_name": "",
      "required": false,
      "field_id": 288,
      "unit_id": 9,
      "answer_options": [],
      "sheet_id": 19,
      "field_name": "Max Suspension (ft)",
      "grouping": 12
    }
  },
  {
    "pk": 770,
    "model": "core.datasheetfield",
    "fields": {
      "print_name": "",
      "required": false,
      "field_id": 176,
      "unit_id": null,
      "answer_options": [],
      "sheet_id": 18,
      "field_name": "Medical: Condoms",
      "grouping": 11
    }
  },
  {
    "pk": 769,
    "model": "core.datasheetfield",
    "fields": {
      "print_name": "",
      "required": false,
      "field_id": 175,
      "unit_id": null,
      "answer_options": [],
      "sheet_id": 18,
      "field_name": "Medical: Diapers",
      "grouping": 11
    }
  },
  {
    "pk": 768,
    "model": "core.datasheetfield",
    "fields": {
      "print_name": "",
      "required": false,
      "field_id": 174,
      "unit_id": null,
      "answer_options": [],
      "sheet_id": 18,
      "field_name": "Medical: Syringes",
      "grouping": 11
    }
  },
  {
    "pk": 771,
    "model": "core.datasheetfield",
    "fields": {
      "print_name": "",
      "required": false,
      "field_id": 177,
      "unit_id": null,
      "answer_options": [],
      "sheet_id": 18,
      "field_name": "Medical: Tampons",
      "grouping": 11
    }
  },
  {
    "pk": 809,
    "model": "core.datasheetfield",
    "fields": {
      "print_name": "",
      "required": false,
      "field_id": 286,
      "unit_id": 9,
      "answer_options": [],
      "sheet_id": 19,
      "field_name": "Min Depth (ft)",
      "grouping": 12
    }
  },
  {
    "pk": 767,
    "model": "core.datasheetfield",
    "fields": {
      "print_name": "",
      "required": false,
      "field_id": 170,
      "unit_id": null,
      "answer_options": [],
      "sheet_id": 18,
      "field_name": "Ocean: Bait Packaging",
      "grouping": 6
    }
  },
  {
    "pk": 772,
    "model": "core.datasheetfield",
    "fields": {
      "print_name": "",
      "required": false,
      "field_id": 181,
      "unit_id": null,
      "answer_options": [],
      "sheet_id": 18,
      "field_name": "Ocean: Bleach/Cleaner Bottles",
      "grouping": 6
    }
  },
  {
    "pk": 761,
    "model": "core.datasheetfield",
    "fields": {
      "print_name": "",
      "required": false,
      "field_id": 161,
      "unit_id": null,
      "answer_options": [],
      "sheet_id": 18,
      "field_name": "Ocean: Buoys/Floats",
      "grouping": 6
    }
  },
  {
    "pk": 782,
    "model": "core.datasheetfield",
    "fields": {
      "print_name": "",
      "required": false,
      "field_id": 210,
      "unit_id": null,
      "answer_options": [],
      "sheet_id": 18,
      "field_name": "Ocean: Crab/Fish Traps",
      "grouping": 6
    }
  },
  {
    "pk": 786,
    "model": "core.datasheetfield",
    "fields": {
      "print_name": "",
      "required": false,
      "field_id": 220,
      "unit_id": null,
      "answer_options": [],
      "sheet_id": 18,
      "field_name": "Ocean: Crates",
      "grouping": 6
    }
  },
  {
    "pk": 759,
    "model": "core.datasheetfield",
    "fields": {
      "print_name": "",
      "required": false,
      "field_id": 159,
      "unit_id": null,
      "answer_options": [],
      "sheet_id": 18,
      "field_name": "Ocean: Fishing Line",
      "grouping": 6
    }
  },
  {
    "pk": 747,
    "model": "core.datasheetfield",
    "fields": {
      "print_name": "",
      "required": false,
      "field_id": 123,
      "unit_id": null,
      "answer_options": [],
      "sheet_id": 18,
      "field_name": "Ocean: Fishing Lures/Light Sticks",
      "grouping": 2
    }
  },
  {
    "pk": 763,
    "model": "core.datasheetfield",
    "fields": {
      "print_name": "",
      "required": false,
      "field_id": 163,
      "unit_id": null,
      "answer_options": [],
      "sheet_id": 18,
      "field_name": "Ocean: Fishing Nets",
      "grouping": 6
    }
  },
  {
    "pk": 779,
    "model": "core.datasheetfield",
    "fields": {
      "print_name": "",
      "required": false,
      "field_id": 199,
      "unit_id": null,
      "answer_options": [],
      "sheet_id": 18,
      "field_name": "Ocean: Light Bulbs/Tubes",
      "grouping": 6
    }
  },
  {
    "pk": 748,
    "model": "core.datasheetfield",
    "fields": {
      "print_name": "",
      "required": false,
      "field_id": 126,
      "unit_id": null,
      "answer_options": [],
      "sheet_id": 18,
      "field_name": "Ocean: Oil/Lube Bottles",
      "grouping": 2
    }
  },
  {
    "pk": 781,
    "model": "core.datasheetfield",
    "fields": {
      "print_name": "",
      "required": false,
      "field_id": 208,
      "unit_id": null,
      "answer_options": [],
      "sheet_id": 18,
      "field_name": "Ocean: Pallets",
      "grouping": 6
    }
  },
  {
    "pk": 773,
    "model": "core.datasheetfield",
    "fields": {
      "print_name": "",
      "required": false,
      "field_id": 182,
      "unit_id": null,
      "answer_options": [],
      "sheet_id": 18,
      "field_name": "Ocean: Pesticide/Fumigant Containers",
      "grouping": 6
    }
  },
  {
    "pk": 750,
    "model": "core.datasheetfield",
    "fields": {
      "print_name": "",
      "required": false,
      "field_id": 128,
      "unit_id": null,
      "answer_options": [],
      "sheet_id": 18,
      "field_name": "Ocean: Plastic Sheets/Tarps",
      "grouping": 2
    }
  },
  {
    "pk": 764,
    "model": "core.datasheetfield",
    "fields": {
      "print_name": "",
      "required": false,
      "field_id": 164,
      "unit_id": null,
      "answer_options": [],
      "sheet_id": 18,
      "field_name": "Ocean: Rope",
      "grouping": 6
    }
  },
  {
    "pk": 762,
    "model": "core.datasheetfield",
    "fields": {
      "print_name": "",
      "required": false,
      "field_id": 162,
      "unit_id": null,
      "answer_options": [],
      "sheet_id": 18,
      "field_name": "Ocean: Strapping Bands",
      "grouping": 6
    }
  },
  {
    "pk": 813,
    "model": "core.datasheetfield",
    "fields": {
      "print_name": "",
      "required": false,
      "field_id": 290,
      "unit_id": null,
      "answer_options": [],
      "sheet_id": 19,
      "field_name": "Other Habitat Type",
      "grouping": 7
    }
  },
  {
    "pk": 825,
    "model": "core.datasheetfield",
    "fields": {
      "print_name": "",
      "required": false,
      "field_id": 305,
      "unit_id": null,
      "answer_options": [],
      "sheet_id": 19,
      "field_name": "Photo File Names",
      "grouping": 6
    }
  },
  {
    "pk": 800,
    "model": "core.datasheetfield",
    "fields": {
      "print_name": "",
      "required": false,
      "field_id": 263,
      "unit_id": null,
      "answer_options": [],
      "sheet_id": 19,
      "field_name": "Primary Location",
      "grouping": 7
    }
  },
  {
    "pk": 791,
    "model": "core.datasheetfield",
    "fields": {
      "print_name": "",
      "required": false,
      "field_id": 247,
      "unit_id": null,
      "answer_options": [],
      "sheet_id": 19,
      "field_name": "Project Name",
      "grouping": 7
    }
  },
  {
    "pk": 796,
    "model": "core.datasheetfield",
    "fields": {
      "print_name": "",
      "required": false,
      "field_id": 256,
      "unit_id": null,
      "answer_options": [],
      "sheet_id": 19,
      "field_name": "Removal Date",
      "grouping": 7
    }
  },
  {
    "pk": 817,
    "model": "core.datasheetfield",
    "fields": {
      "print_name": "",
      "required": false,
      "field_id": 297,
      "unit_id": null,
      "answer_options": [],
      "sheet_id": 19,
      "field_name": "Reported Description",
      "grouping": 7
    }
  },
  {
    "pk": 822,
    "model": "core.datasheetfield",
    "fields": {
      "print_name": "",
      "required": false,
      "field_id": 302,
      "unit_id": null,
      "answer_options": [],
      "sheet_id": 19,
      "field_name": "Reported Exposure",
      "grouping": 12
    }
  },
  {
    "pk": 823,
    "model": "core.datasheetfield",
    "fields": {
      "print_name": "",
      "required": false,
      "field_id": 303,
      "unit_id": null,
      "answer_options": [],
      "sheet_id": 19,
      "field_name": "Reported Lethality",
      "grouping": 12
    }
  },
  {
    "pk": 821,
    "model": "core.datasheetfield",
    "fields": {
      "print_name": "",
      "required": false,
      "field_id": 301,
      "unit_id": null,
      "answer_options": [],
      "sheet_id": 19,
      "field_name": "Reported Location",
      "grouping": 7
    }
  },
  {
    "pk": 794,
    "model": "core.datasheetfield",
    "fields": {
      "print_name": "",
      "required": false,
      "field_id": 254,
      "unit_id": null,
      "answer_options": [],
      "sheet_id": 19,
      "field_name": "Secondary Gear Type",
      "grouping": 7
    }
  },
  {
    "pk": 746,
    "model": "core.datasheetfield",
    "fields": {
      "print_name": "",
      "required": false,
      "field_id": 121,
      "unit_id": null,
      "answer_options": [],
      "sheet_id": 18,
      "field_name": "Shore: 6-Pack Holders",
      "grouping": 2
    }
  },
  {
    "pk": 752,
    "model": "core.datasheetfield",
    "fields": {
      "print_name": "",
      "required": false,
      "field_id": 142,
      "unit_id": null,
      "answer_options": [],
      "sheet_id": 18,
      "field_name": "Shore: Bags (Paper)",
      "grouping": 9
    }
  },
  {
    "pk": 743,
    "model": "core.datasheetfield",
    "fields": {
      "print_name": "",
      "required": false,
      "field_id": 108,
      "unit_id": null,
      "answer_options": [],
      "sheet_id": 18,
      "field_name": "Shore: Bags (Plastic)",
      "grouping": 2
    }
  },
  {
    "pk": 749,
    "model": "core.datasheetfield",
    "fields": {
      "print_name": "",
      "required": false,
      "field_id": 127,
      "unit_id": null,
      "answer_options": [],
      "sheet_id": 18,
      "field_name": "Shore: Balloons",
      "grouping": 2
    }
  },
  {
    "pk": 744,
    "model": "core.datasheetfield",
    "fields": {
      "print_name": "",
      "required": false,
      "field_id": 114,
      "unit_id": null,
      "answer_options": [],
      "sheet_id": 18,
      "field_name": "Shore: Bevrg Bottles (Plastic)",
      "grouping": 2
    }
  },
  {
    "pk": 751,
    "model": "core.datasheetfield",
    "fields": {
      "print_name": "",
      "required": false,
      "field_id": 139,
      "unit_id": null,
      "answer_options": [],
      "sheet_id": 18,
      "field_name": "Shore: Bvrg Bottles (Glass)",
      "grouping": 4
    }
  },
  {
    "pk": 754,
    "model": "core.datasheetfield",
    "fields": {
      "print_name": "",
      "required": false,
      "field_id": 150,
      "unit_id": null,
      "answer_options": [],
      "sheet_id": 18,
      "field_name": "Shore: Bvrg Cans",
      "grouping": 3
    }
  },
  {
    "pk": 760,
    "model": "core.datasheetfield",
    "fields": {
      "print_name": "",
      "required": false,
      "field_id": 160,
      "unit_id": null,
      "answer_options": [],
      "sheet_id": 18,
      "field_name": "Shore: Caps, Lids",
      "grouping": 6
    }
  },
  {
    "pk": 777,
    "model": "core.datasheetfield",
    "fields": {
      "print_name": "",
      "required": false,
      "field_id": 194,
      "unit_id": null,
      "answer_options": [],
      "sheet_id": 18,
      "field_name": "Shore: Clothing, Shoes",
      "grouping": 6
    }
  },
  {
    "pk": 766,
    "model": "core.datasheetfield",
    "fields": {
      "print_name": "",
      "required": false,
      "field_id": 168,
      "unit_id": null,
      "answer_options": [],
      "sheet_id": 18,
      "field_name": "Shore: Cups",
      "grouping": 6
    }
  },
  {
    "pk": 775,
    "model": "core.datasheetfield",
    "fields": {
      "print_name": "",
      "required": false,
      "field_id": 188,
      "unit_id": null,
      "answer_options": [],
      "sheet_id": 18,
      "field_name": "Shore: Fireworks",
      "grouping": 6
    }
  },
  {
    "pk": 765,
    "model": "core.datasheetfield",
    "fields": {
      "print_name": "",
      "required": false,
      "field_id": 167,
      "unit_id": null,
      "answer_options": [],
      "sheet_id": 18,
      "field_name": "Shore: Food Packaging",
      "grouping": 6
    }
  },
  {
    "pk": 778,
    "model": "core.datasheetfield",
    "fields": {
      "print_name": "",
      "required": false,
      "field_id": 198,
      "unit_id": null,
      "answer_options": [],
      "sheet_id": 18,
      "field_name": "Shore: Gun Shells",
      "grouping": 6
    }
  },
  {
    "pk": 753,
    "model": "core.datasheetfield",
    "fields": {
      "print_name": "",
      "required": false,
      "field_id": 148,
      "unit_id": null,
      "answer_options": [],
      "sheet_id": 18,
      "field_name": "Shore: Pull Tabs",
      "grouping": 3
    }
  },
  {
    "pk": 745,
    "model": "core.datasheetfield",
    "fields": {
      "print_name": "",
      "required": false,
      "field_id": 119,
      "unit_id": null,
      "answer_options": [],
      "sheet_id": 18,
      "field_name": "Shore: Straws, Stirrers",
      "grouping": 2
    }
  },
  {
    "pk": 776,
    "model": "core.datasheetfield",
    "fields": {
      "print_name": "",
      "required": false,
      "field_id": 192,
      "unit_id": null,
      "answer_options": [],
      "sheet_id": 18,
      "field_name": "Shore: Toys",
      "grouping": 6
    }
  },
  {
    "pk": 756,
    "model": "core.datasheetfield",
    "fields": {
      "print_name": "",
      "required": false,
      "field_id": 156,
      "unit_id": null,
      "answer_options": [],
      "sheet_id": 18,
      "field_name": "Smoke: Cigarette Lighters",
      "grouping": 6
    }
  },
  {
    "pk": 755,
    "model": "core.datasheetfield",
    "fields": {
      "print_name": "",
      "required": false,
      "field_id": 155,
      "unit_id": null,
      "answer_options": [],
      "sheet_id": 18,
      "field_name": "Smoke: Cigarettes, Filters",
      "grouping": 6
    }
  },
  {
    "pk": 757,
    "model": "core.datasheetfield",
    "fields": {
      "print_name": "",
      "required": false,
      "field_id": 157,
      "unit_id": null,
      "answer_options": [],
      "sheet_id": 18,
      "field_name": "Smoke: Cigar Tips",
      "grouping": 6
    }
  },
  {
    "pk": 758,
    "model": "core.datasheetfield",
    "fields": {
      "print_name": "",
      "required": false,
      "field_id": 158,
      "unit_id": null,
      "answer_options": [],
      "sheet_id": 18,
      "field_name": "Smoke: Tobacco Packaging",
      "grouping": 6
    }
  },
  {
    "pk": 801,
    "model": "core.datasheetfield",
    "fields": {
      "print_name": "",
      "required": false,
      "field_id": 264,
      "unit_id": null,
      "answer_options": [],
      "sheet_id": 19,
      "field_name": "Sub Location",
      "grouping": 7
    }
  },
  {
    "pk": 798,
    "model": "core.datasheetfield",
    "fields": {
      "print_name": "",
      "required": false,
      "field_id": 259,
      "unit_id": null,
      "answer_options": [],
      "sheet_id": 19,
      "field_name": "Technician",
      "grouping": 7
    }
  },
  {
    "pk": 738,
    "model": "core.datasheetfield",
    "fields": {
      "print_name": "",
      "required": false,
      "field_id": 15,
      "unit_id": null,
      "answer_options": [],
      "sheet_id": 18,
      "field_name": "Time",
      "grouping": 7
    }
  },
  {
    "pk": 741,
    "model": "core.datasheetfield",
    "fields": {
      "print_name": "",
      "required": false,
      "field_id": 98,
      "unit_id": null,
      "answer_options": [],
      "sheet_id": 18,
      "field_name": "Trash Bags Filled",
      "grouping": 7
    }
  },
  {
    "pk": 799,
    "model": "core.datasheetfield",
    "fields": {
      "print_name": "",
      "required": false,
      "field_id": 261,
      "unit_id": null,
      "answer_options": [],
      "sheet_id": 19,
      "field_name": "Vessel",
      "grouping": 7
    }
  },
  {
    "pk": 802,
    "model": "core.datasheetfield",
    "fields": {
      "print_name": "",
      "required": false,
      "field_id": 266,
      "unit_id": null,
      "answer_options": [],
      "sheet_id": 19,
      "field_name": "WDFW Fishery Zone",
      "grouping": 7
    }
  },
  {
    "pk": 742,
    "model": "core.datasheetfield",
    "fields": {
      "print_name": "",
      "required": false,
      "field_id": 102,
      "unit_id": null,
      "answer_options": [],
      "sheet_id": 18,
      "field_name": "Weight",
      "grouping": 7
    }
  },
  {
    "pk": 807,
    "model": "core.datasheetfield",
    "fields": {
      "print_name": "",
      "required": false,
      "field_id": 283,
      "unit_id": 9,
      "answer_options": [],
      "sheet_id": 19,
      "field_name": "Width (ft)",
      "grouping": 12
    }
  },
  {
    "pk": 1,
    "model": "core.project",
    "fields": {
      "projname": "Beach Cleanups",
      "website": "www.beachcleanups.org",
      "contact_name": "Jim",
      "contact_phone": "555-555-5555",
      "contact_email": "jim@beachcleanups.org"
    }
  },
  {
    "pk": 1,
    "model": "core.projectorganization",
    "fields": {
      "organization_id": 7,
      "is_lead": true,
      "project_id": 1
    }
  },
  {
    "pk": 2,
    "model": "core.projectorganization",
    "fields": {
      "organization_id": 4,
      "is_lead": false,
      "project_id": 1
    }
  },
  {
    "pk": 3,
    "model": "core.projectorganization",
    "fields": {
      "organization_id": 8,
      "is_lead": false,
      "project_id": 1
    }
  },
  {
    "pk": 1,
    "model": "core.media",
    "fields": {
      "proj_id": 1,
      "published": "2012-08-22T16:47:37Z",
      "type": "video",
      "filename": "vid.divx"
    }
  },
  {
    "pk": 3,
    "model": "core.state",
    "fields": {
      "name": "California",
      "initials": "CA"
    }
  },
  {
    "pk": 2,
    "model": "core.state",
    "fields": {
      "name": "Oregon",
      "initials": "OR"
    }
  },
  {
    "pk": 1,
    "model": "core.state",
    "fields": {
      "name": "Washington",
      "initials": "WA"
    }
  },
  {
    "pk": 1,
    "model": "core.site",
    "fields": {
      "sitename": "Cowell Beach",
      "lat": 36.961174,
      "state": 3,
      "lon": -122.024682,
      "county": "Santa Cruz"
    }
  },
  {
    "pk": 2,
    "model": "core.site",
    "fields": {
      "sitename": "TestSite",
      "lat": 36.962174,
      "state": 3,
      "lon": -122.024682,
      "county": "Santa Cruz"
    }
  },
  {
    "pk": 3,
    "model": "core.site",
    "fields": {
      "sitename": "TestSite2",
      "lat": 36.963174,
      "state": 3,
      "lon": -122.024682,
      "county": "Santa Cruz"
    }
  },
  {
    "pk": 2,
    "model": "core.event",
    "fields": {
      "status": "New",
      "submitted_by": null,
      "cleanupdate": "2012-08-23",
      "proj_id": 1,
      "site": 1,
      "datasheet_id": 18
    }
  },
  {
    "pk": 344,
    "model": "core.fieldvalue",
    "fields": {
      "event_id": 2,
      "field_value": "0.0",
      "field_id": 221
    }
  },
  {
    "pk": 389,
    "model": "core.fieldvalue",
    "fields": {
      "event_id": 2,
      "field_value": "0.0",
      "field_id": 198
    }
  },
  {
    "pk": 348,
    "model": "core.fieldvalue",
    "fields": {
      "event_id": 2,
      "field_value": "0.0",
      "field_id": 214
    }
  },
  {
    "pk": 363,
    "model": "core.fieldvalue",
    "fields": {
      "event_id": 2,
      "field_value": "0.0",
      "field_id": 181
    }
  },
  {
    "pk": 373,
    "model": "core.fieldvalue",
    "fields": {
      "event_id": 2,
      "field_value": "0.0",
      "field_id": 182
    }
  },
  {
    "pk": 394,
    "model": "core.fieldvalue",
    "fields": {
      "event_id": 2,
      "field_value": "0.0",
      "field_id": 155
    }
  },
  {
    "pk": 393,
    "model": "core.fieldvalue",
    "fields": {
      "event_id": 2,
      "field_value": "0.0",
      "field_id": 156
    }
  },
  {
    "pk": 396,
    "model": "core.fieldvalue",
    "fields": {
      "event_id": 2,
      "field_value": "0.0",
      "field_id": 158
    }
  },
  {
    "pk": 395,
    "model": "core.fieldvalue",
    "fields": {
      "event_id": 2,
      "field_value": "0.0",
      "field_id": 157
    }
  },
  {
    "pk": 342,
    "model": "core.fieldvalue",
    "fields": {
      "event_id": 2,
      "field_value": "2012-09-13 14:14:56.777084",
      "field_id": 10
    }
  },
  {
    "pk": 343,
    "model": "core.fieldvalue",
    "fields": {
      "event_id": 2,
      "field_value": "0.0",
      "field_id": 67
    }
  },
  {
    "pk": 341,
    "model": "core.fieldvalue",
    "fields": {
      "event_id": 2,
      "field_value": "",
      "field_id": 8
    }
  },
  {
    "pk": 397,
    "model": "core.fieldvalue",
    "fields": {
      "event_id": 2,
      "field_value": "",
      "field_id": 15
    }
  },
  {
    "pk": 385,
    "model": "core.fieldvalue",
    "fields": {
      "event_id": 2,
      "field_value": "0.0",
      "field_id": 194
    }
  },
  {
    "pk": 358,
    "model": "core.fieldvalue",
    "fields": {
      "event_id": 2,
      "field_value": "0.0",
      "field_id": 176
    }
  },
  {
    "pk": 347,
    "model": "core.fieldvalue",
    "fields": {
      "event_id": 2,
      "field_value": "0.0",
      "field_id": 203
    }
  },
  {
    "pk": 365,
    "model": "core.fieldvalue",
    "fields": {
      "event_id": 2,
      "field_value": "0.0",
      "field_id": 210
    }
  },
  {
    "pk": 359,
    "model": "core.fieldvalue",
    "fields": {
      "event_id": 2,
      "field_value": "0.0",
      "field_id": 175
    }
  },
  {
    "pk": 361,
    "model": "core.fieldvalue",
    "fields": {
      "event_id": 2,
      "field_value": "0.0",
      "field_id": 177
    }
  },
  {
    "pk": 387,
    "model": "core.fieldvalue",
    "fields": {
      "event_id": 2,
      "field_value": "0.0",
      "field_id": 188
    }
  },
  {
    "pk": 364,
    "model": "core.fieldvalue",
    "fields": {
      "event_id": 2,
      "field_value": "0.0",
      "field_id": 161
    }
  },
  {
    "pk": 384,
    "model": "core.fieldvalue",
    "fields": {
      "event_id": 2,
      "field_value": "0.0",
      "field_id": 160
    }
  },
  {
    "pk": 362,
    "model": "core.fieldvalue",
    "fields": {
      "event_id": 2,
      "field_value": "0.0",
      "field_id": 170
    }
  },
  {
    "pk": 367,
    "model": "core.fieldvalue",
    "fields": {
      "event_id": 2,
      "field_value": "0.0",
      "field_id": 159
    }
  },
  {
    "pk": 369,
    "model": "core.fieldvalue",
    "fields": {
      "event_id": 2,
      "field_value": "0.0",
      "field_id": 163
    }
  },
  {
    "pk": 388,
    "model": "core.fieldvalue",
    "fields": {
      "event_id": 2,
      "field_value": "0.0",
      "field_id": 167
    }
  },
  {
    "pk": 386,
    "model": "core.fieldvalue",
    "fields": {
      "event_id": 2,
      "field_value": "0.0",
      "field_id": 168
    }
  },
  {
    "pk": 375,
    "model": "core.fieldvalue",
    "fields": {
      "event_id": 2,
      "field_value": "0.0",
      "field_id": 164
    }
  },
  {
    "pk": 376,
    "model": "core.fieldvalue",
    "fields": {
      "event_id": 2,
      "field_value": "0.0",
      "field_id": 162
    }
  },
  {
    "pk": 382,
    "model": "core.fieldvalue",
    "fields": {
      "event_id": 2,
      "field_value": "0.0",
      "field_id": 139
    }
  },
  {
    "pk": 345,
    "model": "core.fieldvalue",
    "fields": {
      "event_id": 2,
      "field_value": "0.0",
      "field_id": 213
    }
  },
  {
    "pk": 370,
    "model": "core.fieldvalue",
    "fields": {
      "event_id": 2,
      "field_value": "0.0",
      "field_id": 199
    }
  },
  {
    "pk": 383,
    "model": "core.fieldvalue",
    "fields": {
      "event_id": 2,
      "field_value": "0.0",
      "field_id": 150
    }
  },
  {
    "pk": 390,
    "model": "core.fieldvalue",
    "fields": {
      "event_id": 2,
      "field_value": "0.0",
      "field_id": 148
    }
  },
  {
    "pk": 398,
    "model": "core.fieldvalue",
    "fields": {
      "event_id": 2,
      "field_value": "0.0",
      "field_id": 98
    }
  },
  {
    "pk": 349,
    "model": "core.fieldvalue",
    "fields": {
      "event_id": 2,
      "field_value": "0.0",
      "field_id": 217
    }
  },
  {
    "pk": 351,
    "model": "core.fieldvalue",
    "fields": {
      "event_id": 2,
      "field_value": "",
      "field_id": 242
    }
  },
  {
    "pk": 352,
    "model": "core.fieldvalue",
    "fields": {
      "event_id": 2,
      "field_value": "",
      "field_id": 438
    }
  },
  {
    "pk": 354,
    "model": "core.fieldvalue",
    "fields": {
      "event_id": 2,
      "field_value": "",
      "field_id": 440
    }
  },
  {
    "pk": 356,
    "model": "core.fieldvalue",
    "fields": {
      "event_id": 2,
      "field_value": "",
      "field_id": 442
    }
  },
  {
    "pk": 353,
    "model": "core.fieldvalue",
    "fields": {
      "event_id": 2,
      "field_value": "0.0",
      "field_id": 439
    }
  },
  {
    "pk": 355,
    "model": "core.fieldvalue",
    "fields": {
      "event_id": 2,
      "field_value": "0.0",
      "field_id": 441
    }
  },
  {
    "pk": 357,
    "model": "core.fieldvalue",
    "fields": {
      "event_id": 2,
      "field_value": "0.0",
      "field_id": 443
    }
  },
  {
    "pk": 372,
    "model": "core.fieldvalue",
    "fields": {
      "event_id": 2,
      "field_value": "0.0",
      "field_id": 208
    }
  },
  {
    "pk": 378,
    "model": "core.fieldvalue",
    "fields": {
      "event_id": 2,
      "field_value": "0.0",
      "field_id": 142
    }
  },
  {
    "pk": 377,
    "model": "core.fieldvalue",
    "fields": {
      "event_id": 2,
      "field_value": "0.0",
      "field_id": 121
    }
  },
  {
    "pk": 379,
    "model": "core.fieldvalue",
    "fields": {
      "event_id": 2,
      "field_value": "0.0",
      "field_id": 108
    }
  },
  {
    "pk": 380,
    "model": "core.fieldvalue",
    "fields": {
      "event_id": 2,
      "field_value": "0.0",
      "field_id": 127
    }
  },
  {
    "pk": 381,
    "model": "core.fieldvalue",
    "fields": {
      "event_id": 2,
      "field_value": "0.0",
      "field_id": 114
    }
  },
  {
    "pk": 368,
    "model": "core.fieldvalue",
    "fields": {
      "event_id": 2,
      "field_value": "0.0",
      "field_id": 123
    }
  },
  {
    "pk": 371,
    "model": "core.fieldvalue",
    "fields": {
      "event_id": 2,
      "field_value": "0.0",
      "field_id": 126
    }
  },
  {
    "pk": 391,
    "model": "core.fieldvalue",
    "fields": {
      "event_id": 2,
      "field_value": "0.0",
      "field_id": 119
    }
  },
  {
    "pk": 374,
    "model": "core.fieldvalue",
    "fields": {
      "event_id": 2,
      "field_value": "0.0",
      "field_id": 128
    }
  },
  {
    "pk": 366,
    "model": "core.fieldvalue",
    "fields": {
      "event_id": 2,
      "field_value": "0.0",
      "field_id": 220
    }
  },
  {
    "pk": 346,
    "model": "core.fieldvalue",
    "fields": {
      "event_id": 2,
      "field_value": "0.0",
      "field_id": 186
    }
  },
  {
    "pk": 360,
    "model": "core.fieldvalue",
    "fields": {
      "event_id": 2,
      "field_value": "0.0",
      "field_id": 174
    }
  },
  {
    "pk": 399,
    "model": "core.fieldvalue",
    "fields": {
      "event_id": 2,
      "field_value": "0.0",
      "field_id": 102
    }
  },
  {
    "pk": 350,
    "model": "core.fieldvalue",
    "fields": {
      "event_id": 2,
      "field_value": "0.0",
      "field_id": 82
    }
  },
  {
    "pk": 392,
    "model": "core.fieldvalue",
    "fields": {
      "event_id": 2,
      "field_value": "0.0",
      "field_id": 192
    }
  }
]
